idx,att1
0,A
1,B
2,C
3,D
4,A
5,B
6,C
7,D
8,A
9,B
10,C
11,D
12,A
13,B
14,C
15,D
16,A
17,B
18,C
19,D
20,A
21,B
22,C
23,D
24,A
25,B
26,C
27,D
28,A
29,B
30,C
31,D
32,A
33,B
34,C
35,D
36,A
37,B
38,C
39,D
40,A
41,B
42,C
43,D
44,A
45,B
46,C
47,D
48,A
49,B
50,C
51,D
52,A
53,B
54,C
55,D
56,A
57,B
58,C
59,D
60,A
61,B
62,C
63,D
64,A
65,B
66,C
67,D
68,A
69,B
70,C
71,D
72,A
73,B
74,C
75,D
76,A
77,B
78,C
79,D
80,A
81,B
82,C
83,D
84,A
85,B
86,C
87,D
88,A
89,B
90,C
91,D
92,A
93,B
94,C
95,D
96,A
97,B
98,C
99,D
100,A
101,B
102,C
103,D
104,A
105,B
106,C
107,D
108,A
109,B
110,C
111,D
112,A
113,B
114,C
115,D
116,A
117,B
118,C
119,D
120,A
121,B
122,C
123,D
124,A
125,B
126,C
127,D
128,A
129,B
130,C
131,D
132,A
133,B
134,C
135,D
136,A
137,B
138,C
139,D
140,A
141,B
142,C
143,D
144,A
145,B
146,C
147,D
148,A
149,B
150,C
151,D
152,A
153,B
154,C
155,D
156,A
157,B
158,C
159,D
160,A
161,B
162,C
163,D
164,A
165,B
166,C
167,D
168,A
169,B
170,C
171,D
172,A
173,B
174,C
175,D
176,A
177,B
178,C
179,D
180,A
181,B
182,C
183,D
184,A
185,B
186,C
187,D
188,A
189,B
190,C
191,D
192,A
193,B
194,C
195,D
196,A
197,B
198,C
199,D
200,A
201,B
202,C
203,D
204,A
205,B
206,C
207,D
208,A
209,B
210,C
211,D
212,A
213,B
214,C
215,D
216,A
217,B
218,C
219,D
220,A
221,B
222,C
223,D
224,A
225,B
226,C
227,D
228,A
229,B
230,C
231,D
232,A
233,B
234,C
235,D
236,A
237,B
238,C
239,D
240,A
241,B
242,C
243,D
244,A
245,B
246,C
247,D
248,A
249,B
250,C
251,D
252,A
253,B
254,C
255,D
256,A
257,B
258,C
259,D
260,A
261,B
262,C
263,D
264,A
265,B
266,C
267,D
268,A
269,B
270,C
271,D
272,A
273,B
274,C
275,D
276,A
277,B
278,C
279,D
280,A
281,B
282,C
283,D
284,A
285,B
286,C
287,D
288,A
289,B
290,C
291,D
292,A
293,B
294,C
295,D
296,A
297,B
298,C
299,D
300,A
301,B
302,C
303,D
304,A
305,B
306,C
307,D
308,A
309,B
310,C
311,D
312,A
313,B
314,C
315,D
316,A
317,B
318,C
319,D
320,A
321,B
322,C
323,D
324,A
325,B
326,C
327,D
328,A
329,B
330,C
331,D
332,A
333,B
334,C
335,D
336,A
337,B
338,C
339,D
340,A
341,B
342,C
343,D
344,A
345,B
346,C
347,D
348,A
349,B
350,C
351,D
352,A
353,B
354,C
355,D
356,A
357,B
358,C
359,D
360,A
361,B
362,C
363,D
364,A
365,B
366,C
367,D
368,A
369,B
370,C
371,D
372,A
373,B
374,C
375,D
376,A
377,B
378,C
379,D
380,A
381,B
382,C
383,D
384,A
385,B
386,C
387,D
388,A
389,B
390,C
391,D
392,A
393,B
394,C
395,D
396,A
397,B
398,C
399,D
400,A
401,B
402,C
403,D
404,A
405,B
406,C
407,D
408,A
409,B
410,C
411,D
412,A
413,B
414,C
415,D
416,A
417,B
418,C
419,D
420,A
421,B
422,C
423,D
424,A
425,B
426,C
427,D
428,A
429,B
430,C
431,D
432,A
433,B
434,C
435,D
436,A
437,B
438,C
439,D
440,A
441,B
442,C
443,D
444,A
445,B
446,C
447,D
448,A
449,B
450,C
451,D
452,A
453,B
454,C
455,D
456,A
457,B
458,C
459,D
460,A
461,B
462,C
463,D
464,A
465,B
466,C
467,D
468,A
469,B
470,C
471,D
472,A
473,B
474,C
475,D
476,A
477,B
478,C
479,D
480,A
481,B
482,C
483,D
484,A
485,B
486,C
487,D
488,A
489,B
490,C
491,D
492,A
493,B
494,C
495,D
496,A
497,B
498,C
499,D
500,A
501,B
502,C
503,D
504,A
505,B
506,C
507,D
508,A
509,B
510,C
511,D
512,A
513,B
514,C
515,D
516,A
517,B
518,C
519,D
520,A
521,B
522,C
523,D
524,A
525,B
526,C
527,D
528,A
529,B
530,C
531,D
532,A
533,B
534,C
535,D
536,A
537,B
538,C
539,D
540,A
541,B
542,C
543,D
544,A
545,B
546,C
547,D
548,A
549,B
550,C
551,D
552,A
553,B
554,C
555,D
556,A
557,B
558,C
559,D
560,A
561,B
562,C
563,D
564,A
565,B
566,C
567,D
568,A
569,B
570,C
571,D
572,A
573,B
574,C
575,D
576,A
577,B
578,C
579,D
580,A
581,B
582,C
583,D
584,A
585,B
586,C
587,D
588,A
589,B
590,C
591,D
592,A
593,B
594,C
595,D
596,A
597,B
598,C
599,D
600,A
601,B
602,C
603,D
604,A
605,B
606,C
607,D
608,A
609,B
610,C
611,D
612,A
613,B
614,C
615,D
616,A
617,B
618,C
619,D
620,A
621,B
622,C
623,D
624,A
625,B
626,C
627,D
628,A
629,B
630,C
631,D
632,A
633,B
634,C
635,D
636,A
637,B
638,C
639,D
640,A
641,B
642,C
643,D
644,A
645,B
646,C
647,D
648,A
649,B
650,C
651,D
652,A
653,B
654,C
655,D
656,A
657,B
658,C
659,D
660,A
661,B
662,C
663,D
664,A
665,B
666,C
667,D
668,A
669,B
670,C
671,D
672,A
673,B
674,C
675,D
676,A
677,B
678,C
679,D
680,A
681,B
682,C
683,D
684,A
685,B
686,C
687,D
688,A
689,B
690,C
691,D
692,A
693,B
694,C
695,D
696,A
697,B
698,C
699,D
700,A
701,B
702,C
703,D
704,A
705,B
706,C
707,D
708,A
709,B
710,C
711,D
712,A
713,B
714,C
715,D
716,A
717,B
718,C
719,D
720,A
721,B
722,C
723,D
724,A
725,B
726,C
727,D
728,A
729,B
730,C
731,D
732,A
733,B
734,C
735,D
736,A
737,B
738,C
739,D
740,A
741,B
742,C
743,D
744,A
745,B
746,C
747,D
748,A
749,B
750,C
751,D
752,A
753,B
754,C
755,D
756,A
757,B
758,C
759,D
760,A
761,B
762,C
763,D
764,A
765,B
766,C
767,D
768,A
769,B
770,C
771,D
772,A
773,B
774,C
775,D
776,A
777,B
778,C
779,D
780,A
781,B
782,C
783,D
784,A
785,B
786,C
787,D
788,A
789,B
790,C
791,D
792,A
793,B
794,C
795,D
796,A
797,B
798,C
799,D
800,A
801,B
802,C
803,D
804,A
805,B
806,C
807,D
808,A
809,B
810,C
811,D
812,A
813,B
814,C
815,D
816,A
817,B
818,C
819,D
820,A
821,B
822,C
823,D
824,A
825,B
826,C
827,D
828,A
829,B
830,C
831,D
832,A
833,B
834,C
835,D
836,A
837,B
838,C
839,D
840,A
841,B
842,C
843,D
844,A
845,B
846,C
847,D
848,A
849,B
850,C
851,D
852,A
853,B
854,C
855,D
856,A
857,B
858,C
859,D
860,A
861,B
862,C
863,D
864,A
865,B
866,C
867,D
868,A
869,B
870,C
871,D
872,A
873,B
874,C
875,D
876,A
877,B
878,C
879,D
880,A
881,B
882,C
883,D
884,A
885,B
886,C
887,D
888,A
889,B
890,C
891,D
892,A
893,B
894,C
895,D
896,A
897,B
898,C
899,D
900,A
901,B
902,C
903,D
904,A
905,B
906,C
907,D
908,A
909,B
910,C
911,D
912,A
913,B
914,C
915,D
916,A
917,B
918,C
919,D
920,A
921,B
922,C
923,D
924,A
925,B
926,C
927,D
928,A
929,B
930,C
931,D
932,A
933,B
934,C
935,D
936,A
937,B
938,C
939,D
940,A
941,B
942,C
943,D
944,A
945,B
946,C
947,D
948,A
949,B
950,C
951,D
952,A
953,B
954,C
955,D
956,A
957,B
958,C
959,D
960,A
961,B
962,C
963,D
964,A
965,B
966,C
967,D
968,A
969,B
970,C
971,D
972,A
973,B
974,C
975,D
976,A
977,B
978,C
979,D
980,A
981,B
982,C
983,D
984,A
985,B
986,C
987,D
988,A
989,B
990,C
991,D
992,A
993,B
994,C
995,D
996,A
997,B
998,C
999,D
1000,A
1001,B
1002,C
1003,D
1004,A
1005,B
1006,C
1007,D
1008,A
1009,B
1010,C
1011,D
1012,A
1013,B
1014,C
1015,D
1016,A
1017,B
1018,C
1019,D
1020,A
1021,B
1022,C
1023,D
1024,A
1025,B
1026,C
1027,D
1028,A
1029,B
1030,C
1031,D
1032,A
1033,B
1034,C
1035,D
1036,A
1037,B
1038,C
1039,D
1040,A
1041,B
1042,C
1043,D
1044,A
1045,B
1046,C
1047,D
1048,A
1049,B
1050,C
1051,D
1052,A
1053,B
1054,C
1055,D
1056,A
1057,B
1058,C
1059,D
1060,A
1061,B
1062,C
1063,D
1064,A
1065,B
1066,C
1067,D
1068,A
1069,B
1070,C
1071,D
1072,A
1073,B
1074,C
1075,D
1076,A
1077,B
1078,C
1079,D
1080,A
1081,B
1082,C
1083,D
1084,A
1085,B
1086,C
1087,D
1088,A
1089,B
1090,C
1091,D
1092,A
1093,B
1094,C
1095,D
1096,A
1097,B
1098,C
1099,D
1100,A
1101,B
1102,C
1103,D
1104,A
1105,B
1106,C
1107,D
1108,A
1109,B
1110,C
1111,D
1112,A
1113,B
1114,C
1115,D
1116,A
1117,B
1118,C
1119,D
1120,A
1121,B
1122,C
1123,D
1124,A
1125,B
1126,C
1127,D
1128,A
1129,B
1130,C
1131,D
1132,A
1133,B
1134,C
1135,D
1136,A
1137,B
1138,C
1139,D
1140,A
1141,B
1142,C
1143,D
1144,A
1145,B
1146,C
1147,D
1148,A
1149,B
1150,C
1151,D
1152,A
1153,B
1154,C
1155,D
1156,A
1157,B
1158,C
1159,D
1160,A
1161,B
1162,C
1163,D
1164,A
1165,B
1166,C
1167,D
1168,A
1169,B
1170,C
1171,D
1172,A
1173,B
1174,C
1175,D
1176,A
1177,B
1178,C
1179,D
1180,A
1181,B
1182,C
1183,D
1184,A
1185,B
1186,C
1187,D
1188,A
1189,B
1190,C
1191,D
1192,A
1193,B
1194,C
1195,D
1196,A
1197,B
1198,C
1199,D
1200,A
1201,B
1202,C
1203,D
1204,A
1205,B
1206,C
1207,D
1208,A
1209,B
1210,C
1211,D
1212,A
1213,B
1214,C
1215,D
1216,A
1217,B
1218,C
1219,D
1220,A
1221,B
1222,C
1223,D
1224,A
1225,B
1226,C
1227,D
1228,A
1229,B
1230,C
1231,D
1232,A
1233,B
1234,C
1235,D
1236,A
1237,B
1238,C
1239,D
1240,A
1241,B
1242,C
1243,D
1244,A
1245,B
1246,C
1247,D
1248,A
1249,B
1250,C
1251,D
1252,A
1253,B
1254,C
1255,D
1256,A
1257,B
1258,C
1259,D
1260,A
1261,B
1262,C
1263,D
1264,A
1265,B
1266,C
1267,D
1268,A
1269,B
1270,C
1271,D
1272,A
1273,B
1274,C
1275,D
1276,A
1277,B
1278,C
1279,D
1280,A
1281,B
1282,C
1283,D
1284,A
1285,B
1286,C
1287,D
1288,A
1289,B
1290,C
1291,D
1292,A
1293,B
1294,C
1295,D
1296,A
1297,B
1298,C
1299,D
1300,A
1301,B
1302,C
1303,D
1304,A
1305,B
1306,C
1307,D
1308,A
1309,B
1310,C
1311,D
1312,A
1313,B
1314,C
1315,D
1316,A
1317,B
1318,C
1319,D
1320,A
1321,B
1322,C
1323,D
1324,A
1325,B
1326,C
1327,D
1328,A
1329,B
1330,C
1331,D
1332,A
1333,B
1334,C
1335,D
1336,A
1337,B
1338,C
1339,D
1340,A
1341,B
1342,C
1343,D
1344,A
1345,B
1346,C
1347,D
1348,A
1349,B
1350,C
1351,D
1352,A
1353,B
1354,C
1355,D
1356,A
1357,B
1358,C
1359,D
1360,A
1361,B
1362,C
1363,D
1364,A
1365,B
1366,C
1367,D
1368,A
1369,B
1370,C
1371,D
1372,A
1373,B
1374,C
1375,D
1376,A
1377,B
1378,C
1379,D
1380,A
1381,B
1382,C
1383,D
1384,A
1385,B
1386,C
1387,D
1388,A
1389,B
1390,C
1391,D
1392,A
1393,B
1394,C
1395,D
1396,A
1397,B
1398,C
1399,D
1400,A
1401,B
1402,C
1403,D
1404,A
1405,B
1406,C
1407,D
1408,A
1409,B
1410,C
1411,D
1412,A
1413,B
1414,C
1415,D
1416,A
1417,B
1418,C
1419,D
1420,A
1421,B
1422,C
1423,D
1424,A
1425,B
1426,C
1427,D
1428,A
1429,B
1430,C
1431,D
1432,A
1433,B
1434,C
1435,D
1436,A
1437,B
1438,C
1439,D
1440,A
1441,B
1442,C
1443,D
1444,A
1445,B
1446,C
1447,D
1448,A
1449,B
1450,C
1451,D
1452,A
1453,B
1454,C
1455,D
1456,A
1457,B
1458,C
1459,D
1460,A
1461,B
1462,C
1463,D
1464,A
1465,B
1466,C
1467,D
1468,A
1469,B
1470,C
1471,D
1472,A
1473,B
1474,C
1475,D
1476,A
1477,B
1478,C
1479,D
1480,A
1481,B
1482,C
1483,D
1484,A
1485,B
1486,C
1487,D
1488,A
1489,B
1490,C
1491,D
1492,A
1493,B
1494,C
1495,D
1496,A
1497,B
1498,C
1499,D
1500,A
1501,B
1502,C
1503,D
1504,A
1505,B
1506,C
1507,D
1508,A
1509,B
1510,C
1511,D
1512,A
1513,B
1514,C
1515,D
1516,A
1517,B
1518,C
1519,D
1520,A
1521,B
1522,C
1523,D
1524,A
1525,B
1526,C
1527,D
1528,A
1529,B
1530,C
1531,D
1532,A
1533,B
1534,C
1535,D
1536,A
1537,B
1538,C
1539,D
1540,A
1541,B
1542,C
1543,D
1544,A
1545,B
1546,C
1547,D
1548,A
1549,B
1550,C
1551,D
1552,A
1553,B
1554,C
1555,D
1556,A
1557,B
1558,C
1559,D
1560,A
1561,B
1562,C
1563,D
1564,A
1565,B
1566,C
1567,D
1568,A
1569,B
1570,C
1571,D
1572,A
1573,B
1574,C
1575,D
1576,A
1577,B
1578,C
1579,D
1580,A
1581,B
1582,C
1583,D
1584,A
1585,B
1586,C
1587,D
1588,A
1589,B
1590,C
1591,D
1592,A
1593,B
1594,C
1595,D
1596,A
1597,B
1598,C
1599,D
1600,A
1601,B
1602,C
1603,D
1604,A
1605,B
1606,C
1607,D
1608,A
1609,B
1610,C
1611,D
1612,A
1613,B
1614,C
1615,D
1616,A
1617,B
1618,C
1619,D
1620,A
1621,B
1622,C
1623,D
1624,A
1625,B
1626,C
1627,D
1628,A
1629,B
1630,C
1631,D
1632,A
1633,B
1634,C
1635,D
1636,A
1637,B
1638,C
1639,D
1640,A
1641,B
1642,C
1643,D
1644,A
1645,B
1646,C
1647,D
1648,A
1649,B
1650,C
1651,D
1652,A
1653,B
1654,C
1655,D
1656,A
1657,B
1658,C
1659,D
1660,A
1661,B
1662,C
1663,D
1664,A
1665,B
1666,C
1667,D
1668,A
1669,B
1670,C
1671,D
1672,A
1673,B
1674,C
1675,D
1676,A
1677,B
1678,C
1679,D
1680,A
1681,B
1682,C
1683,D
1684,A
1685,B
1686,C
1687,D
1688,A
1689,B
1690,C
1691,D
1692,A
1693,B
1694,C
1695,D
1696,A
1697,B
1698,C
1699,D
1700,A
1701,B
1702,C
1703,D
1704,A
1705,B
1706,C
1707,D
1708,A
1709,B
1710,C
1711,D
1712,A
1713,B
1714,C
1715,D
1716,A
1717,B
1718,C
1719,D
1720,A
1721,B
1722,C
1723,D
1724,A
1725,B
1726,C
1727,D
1728,A
1729,B
1730,C
1731,D
1732,A
1733,B
1734,C
1735,D
1736,A
1737,B
1738,C
1739,D
1740,A
1741,B
1742,C
1743,D
1744,A
1745,B
1746,C
1747,D
1748,A
1749,B
1750,C
1751,D
1752,A
1753,B
1754,C
1755,D
1756,A
1757,B
1758,C
1759,D
1760,A
1761,B
1762,C
1763,D
1764,A
1765,B
1766,C
1767,D
1768,A
1769,B
1770,C
1771,D
1772,A
1773,B
1774,C
1775,D
1776,A
1777,B
1778,C
1779,D
1780,A
1781,B
1782,C
1783,D
1784,A
1785,B
1786,C
1787,D
1788,A
1789,B
1790,C
1791,D
1792,A
1793,B
1794,C
1795,D
1796,A
1797,B
1798,C
1799,D
1800,A
1801,B
1802,C
1803,D
1804,A
1805,B
1806,C
1807,D
1808,A
1809,B
1810,C
1811,D
1812,A
1813,B
1814,C
1815,D
1816,A
1817,B
1818,C
1819,D
1820,A
1821,B
1822,C
1823,D
1824,A
1825,B
1826,C
1827,D
1828,A
1829,B
1830,C
1831,D
1832,A
1833,B
1834,C
1835,D
1836,A
1837,B
1838,C
1839,D
1840,A
1841,B
1842,C
1843,D
1844,A
1845,B
1846,C
1847,D
1848,A
1849,B
1850,C
1851,D
1852,A
1853,B
1854,C
1855,D
1856,A
1857,B
1858,C
1859,D
1860,A
1861,B
1862,C
1863,D
1864,A
1865,B
1866,C
1867,D
1868,A
1869,B
1870,C
1871,D
1872,A
1873,B
1874,C
1875,D
1876,A
1877,B
1878,C
1879,D
1880,A
1881,B
1882,C
1883,D
1884,A
1885,B
1886,C
1887,D
1888,A
1889,B
1890,C
1891,D
1892,A
1893,B
1894,C
1895,D
1896,A
1897,B
1898,C
1899,D
1900,A
1901,B
1902,C
1903,D
1904,A
1905,B
1906,C
1907,D
1908,A
1909,B
1910,C
1911,D
1912,A
1913,B
1914,C
1915,D
1916,A
1917,B
1918,C
1919,D
1920,A
1921,B
1922,C
1923,D
1924,A
1925,B
1926,C
1927,D
1928,A
1929,B
1930,C
1931,D
1932,A
1933,B
1934,C
1935,D
1936,A
1937,B
1938,C
1939,D
1940,A
1941,B
1942,C
1943,D
1944,A
1945,B
1946,C
1947,D
1948,A
1949,B
1950,C
1951,D
1952,A
1953,B
1954,C
1955,D
1956,A
1957,B
1958,C
1959,D
1960,A
1961,B
1962,C
1963,D
1964,A
1965,B
1966,C
1967,D
1968,A
1969,B
1970,C
1971,D
1972,A
1973,B
1974,C
1975,D
1976,A
1977,B
1978,C
1979,D
1980,A
1981,B
1982,C
1983,D
1984,A
1985,B
1986,C
1987,D
1988,A
1989,B
1990,C
1991,D
1992,A
1993,B
1994,C
1995,D
1996,A
1997,B
1998,C
1999,D
2000,A
2001,B
2002,C
2003,D
2004,A
2005,B
2006,C
2007,D
2008,A
2009,B
2010,C
2011,D
2012,A
2013,B
2014,C
2015,D
2016,A
2017,B
2018,C
2019,D
2020,A
2021,B
2022,C
2023,D
2024,A
2025,B
2026,C
2027,D
2028,A
2029,B
2030,C
2031,D
2032,A
2033,B
2034,C
2035,D
2036,A
2037,B
2038,C
2039,D
2040,A
2041,B
2042,C
2043,D
2044,A
2045,B
2046,C
2047,D
2048,A
2049,B
2050,C
2051,D
2052,A
2053,B
2054,C
2055,D
2056,A
2057,B
2058,C
2059,D
2060,A
2061,B
2062,C
2063,D
2064,A
2065,B
2066,C
2067,D
2068,A
2069,B
2070,C
2071,D
2072,A
2073,B
2074,C
2075,D
2076,A
2077,B
2078,C
2079,D
2080,A
2081,B
2082,C
2083,D
2084,A
2085,B
2086,C
2087,D
2088,A
2089,B
2090,C
2091,D
2092,A
2093,B
2094,C
2095,D
2096,A
2097,B
2098,C
2099,D
2100,A
2101,B
2102,C
2103,D
2104,A
2105,B
2106,C
2107,D
2108,A
2109,B
2110,C
2111,D
2112,A
2113,B
2114,C
2115,D
2116,A
2117,B
2118,C
2119,D
2120,A
2121,B
2122,C
2123,D
2124,A
2125,B
2126,C
2127,D
2128,A
2129,B
2130,C
2131,D
2132,A
2133,B
2134,C
2135,D
2136,A
2137,B
2138,C
2139,D
2140,A
2141,B
2142,C
2143,D
2144,A
2145,B
2146,C
2147,D
2148,A
2149,B
2150,C
2151,D
2152,A
2153,B
2154,C
2155,D
2156,A
2157,B
2158,C
2159,D
2160,A
2161,B
2162,C
2163,D
2164,A
2165,B
2166,C
2167,D
2168,A
2169,B
2170,C
2171,D
2172,A
2173,B
2174,C
2175,D
2176,A
2177,B
2178,C
2179,D
2180,A
2181,B
2182,C
2183,D
2184,A
2185,B
2186,C
2187,D
2188,A
2189,B
2190,C
2191,D
2192,A
2193,B
2194,C
2195,D
2196,A
2197,B
2198,C
2199,D
2200,A
2201,B
2202,C
2203,D
2204,A
2205,B
2206,C
2207,D
2208,A
2209,B
2210,C
2211,D
2212,A
2213,B
2214,C
2215,D
2216,A
2217,B
2218,C
2219,D
2220,A
2221,B
2222,C
2223,D
2224,A
2225,B
2226,C
2227,D
2228,A
2229,B
2230,C
2231,D
2232,A
2233,B
2234,C
2235,D
2236,A
2237,B
2238,C
2239,D
2240,A
2241,B
2242,C
2243,D
2244,A
2245,B
2246,C
2247,D
2248,A
2249,B
2250,C
2251,D
2252,A
2253,B
2254,C
2255,D
2256,A
2257,B
2258,C
2259,D
2260,A
2261,B
2262,C
2263,D
2264,A
2265,B
2266,C
2267,D
2268,A
2269,B
2270,C
2271,D
2272,A
2273,B
2274,C
2275,D
2276,A
2277,B
2278,C
2279,D
2280,A
2281,B
2282,C
2283,D
2284,A
2285,B
2286,C
2287,D
2288,A
2289,B
2290,C
2291,D
2292,A
2293,B
2294,C
2295,D
2296,A
2297,B
2298,C
2299,D
2300,A
2301,B
2302,C
2303,D
2304,A
2305,B
2306,C
2307,D
2308,A
2309,B
2310,C
2311,D
2312,A
2313,B
2314,C
2315,D
2316,A
2317,B
2318,C
2319,D
2320,A
2321,B
2322,C
2323,D
2324,A
2325,B
2326,C
2327,D
2328,A
2329,B
2330,C
2331,D
2332,A
2333,B
2334,C
2335,D
2336,A
2337,B
2338,C
2339,D
2340,A
2341,B
2342,C
2343,D
2344,A
2345,B
2346,C
2347,D
2348,A
2349,B
2350,C
2351,D
2352,A
2353,B
2354,C
2355,D
2356,A
2357,B
2358,C
2359,D
2360,A
2361,B
2362,C
2363,D
2364,A
2365,B
2366,C
2367,D
2368,A
2369,B
2370,C
2371,D
2372,A
2373,B
2374,C
2375,D
2376,A
2377,B
2378,C
2379,D
2380,A
2381,B
2382,C
2383,D
2384,A
2385,B
2386,C
2387,D
2388,A
2389,B
2390,C
2391,D
2392,A
2393,B
2394,C
2395,D
2396,A
2397,B
2398,C
2399,D
2400,A
2401,B
2402,C
2403,D
2404,A
2405,B
2406,C
2407,D
2408,A
2409,B
2410,C
2411,D
2412,A
2413,B
2414,C
2415,D
2416,A
2417,B
2418,C
2419,D
2420,A
2421,B
2422,C
2423,D
2424,A
2425,B
2426,C
2427,D
2428,A
2429,B
2430,C
2431,D
2432,A
2433,B
2434,C
2435,D
2436,A
2437,B
2438,C
2439,D
2440,A
2441,B
2442,C
2443,D
2444,A
2445,B
2446,C
2447,D
2448,A
2449,B
2450,C
2451,D
2452,A
2453,B
2454,C
2455,D
2456,A
2457,B
2458,C
2459,D
2460,A
2461,B
2462,C
2463,D
2464,A
2465,B
2466,C
2467,D
2468,A
2469,B
2470,C
2471,D
2472,A
2473,B
2474,C
2475,D
2476,A
2477,B
2478,C
2479,D
2480,A
2481,B
2482,C
2483,D
2484,A
2485,B
2486,C
2487,D
2488,A
2489,B
2490,C
2491,D
2492,A
2493,B
2494,C
2495,D
2496,A
2497,B
2498,C
2499,D
2500,A
2501,B
2502,C
2503,D
2504,A
2505,B
2506,C
2507,D
2508,A
2509,B
2510,C
2511,D
2512,A
2513,B
2514,C
2515,D
2516,A
2517,B
2518,C
2519,D
2520,A
2521,B
2522,C
2523,D
2524,A
2525,B
2526,C
2527,D
2528,A
2529,B
2530,C
2531,D
2532,A
2533,B
2534,C
2535,D
2536,A
2537,B
2538,C
2539,D
2540,A
2541,B
2542,C
2543,D
2544,A
2545,B
2546,C
2547,D
2548,A
2549,B
2550,C
2551,D
2552,A
2553,B
2554,C
2555,D
2556,A
2557,B
2558,C
2559,D
2560,A
2561,B
2562,C
2563,D
2564,A
2565,B
2566,C
2567,D
2568,A
2569,B
2570,C
2571,D
2572,A
2573,B
2574,C
2575,D
2576,A
2577,B
2578,C
2579,D
2580,A
2581,B
2582,C
2583,D
2584,A
2585,B
2586,C
2587,D
2588,A
2589,B
2590,C
2591,D
2592,A
2593,B
2594,C
2595,D
2596,A
2597,B
2598,C
2599,D
2600,A
2601,B
2602,C
2603,D
2604,A
2605,B
2606,C
2607,D
2608,A
2609,B
2610,C
2611,D
2612,A
2613,B
2614,C
2615,D
2616,A
2617,B
2618,C
2619,D
2620,A
2621,B
2622,C
2623,D
2624,A
2625,B
2626,C
2627,D
2628,A
2629,B
2630,C
2631,D
2632,A
2633,B
2634,C
2635,D
2636,A
2637,B
2638,C
2639,D
2640,A
2641,B
2642,C
2643,D
2644,A
2645,B
2646,C
2647,D
2648,A
2649,B
2650,C
2651,D
2652,A
2653,B
2654,C
2655,D
2656,A
2657,B
2658,C
2659,D
2660,A
2661,B
2662,C
2663,D
2664,A
2665,B
2666,C
2667,D
2668,A
2669,B
2670,C
2671,D
2672,A
2673,B
2674,C
2675,D
2676,A
2677,B
2678,C
2679,D
2680,A
2681,B
2682,C
2683,D
2684,A
2685,B
2686,C
2687,D
2688,A
2689,B
2690,C
2691,D
2692,A
2693,B
2694,C
2695,D
2696,A
2697,B
2698,C
2699,D
2700,A
2701,B
2702,C
2703,D
2704,A
2705,B
2706,C
2707,D
2708,A
2709,B
2710,C
2711,D
2712,A
2713,B
2714,C
2715,D
2716,A
2717,B
2718,C
2719,D
2720,A
2721,B
2722,C
2723,D
2724,A
2725,B
2726,C
2727,D
2728,A
2729,B
2730,C
2731,D
2732,A
2733,B
2734,C
2735,D
2736,A
2737,B
2738,C
2739,D
2740,A
2741,B
2742,C
2743,D
2744,A
2745,B
2746,C
2747,D
2748,A
2749,B
2750,C
2751,D
2752,A
2753,B
2754,C
2755,D
2756,A
2757,B
2758,C
2759,D
2760,A
2761,B
2762,C
2763,D
2764,A
2765,B
2766,C
2767,D
2768,A
2769,B
2770,C
2771,D
2772,A
2773,B
2774,C
2775,D
2776,A
2777,B
2778,C
2779,D
2780,A
2781,B
2782,C
2783,D
2784,A
2785,B
2786,C
2787,D
2788,A
2789,B
2790,C
2791,D
2792,A
2793,B
2794,C
2795,D
2796,A
2797,B
2798,C
2799,D
2800,A
2801,B
2802,C
2803,D
2804,A
2805,B
2806,C
2807,D
2808,A
2809,B
2810,C
2811,D
2812,A
2813,B
2814,C
2815,D
2816,A
2817,B
2818,C
2819,D
2820,A
2821,B
2822,C
2823,D
2824,A
2825,B
2826,C
2827,D
2828,A
2829,B
2830,C
2831,D
2832,A
2833,B
2834,C
2835,D
2836,A
2837,B
2838,C
2839,D
2840,A
2841,B
2842,C
2843,D
2844,A
2845,B
2846,C
2847,D
2848,A
2849,B
2850,C
2851,D
2852,A
2853,B
2854,C
2855,D
2856,A
2857,B
2858,C
2859,D
2860,A
2861,B
2862,C
2863,D
2864,A
2865,B
2866,C
2867,D
2868,A
2869,B
2870,C
2871,D
2872,A
2873,B
2874,C
2875,D
2876,A
2877,B
2878,C
2879,D
2880,A
2881,B
2882,C
2883,D
2884,A
2885,B
2886,C
2887,D
2888,A
2889,B
2890,C
2891,D
2892,A
2893,B
2894,C
2895,D
2896,A
2897,B
2898,C
2899,D
2900,A
2901,B
2902,C
2903,D
2904,A
2905,B
2906,C
2907,D
2908,A
2909,B
2910,C
2911,D
2912,A
2913,B
2914,C
2915,D
2916,A
2917,B
2918,C
2919,D
2920,A
2921,B
2922,C
2923,D
2924,A
2925,B
2926,C
2927,D
2928,A
2929,B
2930,C
2931,D
2932,A
2933,B
2934,C
2935,D
2936,A
2937,B
2938,C
2939,D
2940,A
2941,B
2942,C
2943,D
2944,A
2945,B
2946,C
2947,D
2948,A
2949,B
2950,C
2951,D
2952,A
2953,B
2954,C
2955,D
2956,A
2957,B
2958,C
2959,D
2960,A
2961,B
2962,C
2963,D
2964,A
2965,B
2966,C
2967,D
2968,A
2969,B
2970,C
2971,D
2972,A
2973,B
2974,C
2975,D
2976,A
2977,B
2978,C
2979,D
2980,A
2981,B
2982,C
2983,D
2984,A
2985,B
2986,C
2987,D
2988,A
2989,B
2990,C
2991,D
2992,A
2993,B
2994,C
2995,D
2996,A
2997,B
2998,C
2999,D
3000,A
3001,B
3002,C
3003,D
3004,A
3005,B
3006,C
3007,D
3008,A
3009,B
3010,C
3011,D
3012,A
3013,B
3014,C
3015,D
3016,A
3017,B
3018,C
3019,D
3020,A
3021,B
3022,C
3023,D
3024,A
3025,B
3026,C
3027,D
3028,A
3029,B
3030,C
3031,D
3032,A
3033,B
3034,C
3035,D
3036,A
3037,B
3038,C
3039,D
3040,A
3041,B
3042,C
3043,D
3044,A
3045,B
3046,C
3047,D
3048,A
3049,B
3050,C
3051,D
3052,A
3053,B
3054,C
3055,D
3056,A
3057,B
3058,C
3059,D
3060,A
3061,B
3062,C
3063,D
3064,A
3065,B
3066,C
3067,D
3068,A
3069,B
3070,C
3071,D
3072,A
3073,B
3074,C
3075,D
3076,A
3077,B
3078,C
3079,D
3080,A
3081,B
3082,C
3083,D
3084,A
3085,B
3086,C
3087,D
3088,A
3089,B
3090,C
3091,D
3092,A
3093,B
3094,C
3095,D
3096,A
3097,B
3098,C
3099,D
3100,A
3101,B
3102,C
3103,D
3104,A
3105,B
3106,C
3107,D
3108,A
3109,B
3110,C
3111,D
3112,A
3113,B
3114,C
3115,D
3116,A
3117,B
3118,C
3119,D
3120,A
3121,B
3122,C
3123,D
3124,A
3125,B
3126,C
3127,D
3128,A
3129,B
3130,C
3131,D
3132,A
3133,B
3134,C
3135,D
3136,A
3137,B
3138,C
3139,D
3140,A
3141,B
3142,C
3143,D
3144,A
3145,B
3146,C
3147,D
3148,A
3149,B
3150,C
3151,D
3152,A
3153,B
3154,C
3155,D
3156,A
3157,B
3158,C
3159,D
3160,A
3161,B
3162,C
3163,D
3164,A
3165,B
3166,C
3167,D
3168,A
3169,B
3170,C
3171,D
3172,A
3173,B
3174,C
3175,D
3176,A
3177,B
3178,C
3179,D
3180,A
3181,B
3182,C
3183,D
3184,A
3185,B
3186,C
3187,D
3188,A
3189,B
3190,C
3191,D
3192,A
3193,B
3194,C
3195,D
3196,A
3197,B
3198,C
3199,D
3200,A
3201,B
3202,C
3203,D
3204,A
3205,B
3206,C
3207,D
3208,A
3209,B
3210,C
3211,D
3212,A
3213,B
3214,C
3215,D
3216,A
3217,B
3218,C
3219,D
3220,A
3221,B
3222,C
3223,D
3224,A
3225,B
3226,C
3227,D
3228,A
3229,B
3230,C
3231,D
3232,A
3233,B
3234,C
3235,D
3236,A
3237,B
3238,C
3239,D
3240,A
3241,B
3242,C
3243,D
3244,A
3245,B
3246,C
3247,D
3248,A
3249,B
3250,C
3251,D
3252,A
3253,B
3254,C
3255,D
3256,A
3257,B
3258,C
3259,D
3260,A
3261,B
3262,C
3263,D
3264,A
3265,B
3266,C
3267,D
3268,A
3269,B
3270,C
3271,D
3272,A
3273,B
3274,C
3275,D
3276,A
3277,B
3278,C
3279,D
3280,A
3281,B
3282,C
3283,D
3284,A
3285,B
3286,C
3287,D
3288,A
3289,B
3290,C
3291,D
3292,A
3293,B
3294,C
3295,D
3296,A
3297,B
3298,C
3299,D
3300,A
3301,B
3302,C
3303,D
3304,A
3305,B
3306,C
3307,D
3308,A
3309,B
3310,C
3311,D
3312,A
3313,B
3314,C
3315,D
3316,A
3317,B
3318,C
3319,D
3320,A
3321,B
3322,C
3323,D
3324,A
3325,B
3326,C
3327,D
3328,A
3329,B
3330,C
3331,D
3332,A
3333,B
3334,C
3335,D
3336,A
3337,B
3338,C
3339,D
3340,A
3341,B
3342,C
3343,D
3344,A
3345,B
3346,C
3347,D
3348,A
3349,B
3350,C
3351,D
3352,A
3353,B
3354,C
3355,D
3356,A
3357,B
3358,C
3359,D
3360,A
3361,B
3362,C
3363,D
3364,A
3365,B
3366,C
3367,D
3368,A
3369,B
3370,C
3371,D
3372,A
3373,B
3374,C
3375,D
3376,A
3377,B
3378,C
3379,D
3380,A
3381,B
3382,C
3383,D
3384,A
3385,B
3386,C
3387,D
3388,A
3389,B
3390,C
3391,D
3392,A
3393,B
3394,C
3395,D
3396,A
3397,B
3398,C
3399,D
3400,A
3401,B
3402,C
3403,D
3404,A
3405,B
3406,C
3407,D
3408,A
3409,B
3410,C
3411,D
3412,A
3413,B
3414,C
3415,D
3416,A
3417,B
3418,C
3419,D
3420,A
3421,B
3422,C
3423,D
3424,A
3425,B
3426,C
3427,D
3428,A
3429,B
3430,C
3431,D
3432,A
3433,B
3434,C
3435,D
3436,A
3437,B
3438,C
3439,D
3440,A
3441,B
3442,C
3443,D
3444,A
3445,B
3446,C
3447,D
3448,A
3449,B
3450,C
3451,D
3452,A
3453,B
3454,C
3455,D
3456,A
3457,B
3458,C
3459,D
3460,A
3461,B
3462,C
3463,D
3464,A
3465,B
3466,C
3467,D
3468,A
3469,B
3470,C
3471,D
3472,A
3473,B
3474,C
3475,D
3476,A
3477,B
3478,C
3479,D
3480,A
3481,B
3482,C
3483,D
3484,A
3485,B
3486,C
3487,D
3488,A
3489,B
3490,C
3491,D
3492,A
3493,B
3494,C
3495,D
3496,A
3497,B
3498,C
3499,D
3500,A
3501,B
3502,C
3503,D
3504,A
3505,B
3506,C
3507,D
3508,A
3509,B
3510,C
3511,D
3512,A
3513,B
3514,C
3515,D
3516,A
3517,B
3518,C
3519,D
3520,A
3521,B
3522,C
3523,D
3524,A
3525,B
3526,C
3527,D
3528,A
3529,B
3530,C
3531,D
3532,A
3533,B
3534,C
3535,D
3536,A
3537,B
3538,C
3539,D
3540,A
3541,B
3542,C
3543,D
3544,A
3545,B
3546,C
3547,D
3548,A
3549,B
3550,C
3551,D
3552,A
3553,B
3554,C
3555,D
3556,A
3557,B
3558,C
3559,D
3560,A
3561,B
3562,C
3563,D
3564,A
3565,B
3566,C
3567,D
3568,A
3569,B
3570,C
3571,D
3572,A
3573,B
3574,C
3575,D
3576,A
3577,B
3578,C
3579,D
3580,A
3581,B
3582,C
3583,D
3584,A
3585,B
3586,C
3587,D
3588,A
3589,B
3590,C
3591,D
3592,A
3593,B
3594,C
3595,D
3596,A
3597,B
3598,C
3599,D
3600,A
3601,B
3602,C
3603,D
3604,A
3605,B
3606,C
3607,D
3608,A
3609,B
3610,C
3611,D
3612,A
3613,B
3614,C
3615,D
3616,A
3617,B
3618,C
3619,D
3620,A
3621,B
3622,C
3623,D
3624,A
3625,B
3626,C
3627,D
3628,A
3629,B
3630,C
3631,D
3632,A
3633,B
3634,C
3635,D
3636,A
3637,B
3638,C
3639,D
3640,A
3641,B
3642,C
3643,D
3644,A
3645,B
3646,C
3647,D
3648,A
3649,B
3650,C
3651,D
3652,A
3653,B
3654,C
3655,D
3656,A
3657,B
3658,C
3659,D
3660,A
3661,B
3662,C
3663,D
3664,A
3665,B
3666,C
3667,D
3668,A
3669,B
3670,C
3671,D
3672,A
3673,B
3674,C
3675,D
3676,A
3677,B
3678,C
3679,D
3680,A
3681,B
3682,C
3683,D
3684,A
3685,B
3686,C
3687,D
3688,A
3689,B
3690,C
3691,D
3692,A
3693,B
3694,C
3695,D
3696,A
3697,B
3698,C
3699,D
3700,A
3701,B
3702,C
3703,D
3704,A
3705,B
3706,C
3707,D
3708,A
3709,B
3710,C
3711,D
3712,A
3713,B
3714,C
3715,D
3716,A
3717,B
3718,C
3719,D
3720,A
3721,B
3722,C
3723,D
3724,A
3725,B
3726,C
3727,D
3728,A
3729,B
3730,C
3731,D
3732,A
3733,B
3734,C
3735,D
3736,A
3737,B
3738,C
3739,D
3740,A
3741,B
3742,C
3743,D
3744,A
3745,B
3746,C
3747,D
3748,A
3749,B
3750,C
3751,D
3752,A
3753,B
3754,C
3755,D
3756,A
3757,B
3758,C
3759,D
3760,A
3761,B
3762,C
3763,D
3764,A
3765,B
3766,C
3767,D
3768,A
3769,B
3770,C
3771,D
3772,A
3773,B
3774,C
3775,D
3776,A
3777,B
3778,C
3779,D
3780,A
3781,B
3782,C
3783,D
3784,A
3785,B
3786,C
3787,D
3788,A
3789,B
3790,C
3791,D
3792,A
3793,B
3794,C
3795,D
3796,A
3797,B
3798,C
3799,D
3800,A
3801,B
3802,C
3803,D
3804,A
3805,B
3806,C
3807,D
3808,A
3809,B
3810,C
3811,D
3812,A
3813,B
3814,C
3815,D
3816,A
3817,B
3818,C
3819,D
3820,A
3821,B
3822,C
3823,D
3824,A
3825,B
3826,C
3827,D
3828,A
3829,B
3830,C
3831,D
3832,A
3833,B
3834,C
3835,D
3836,A
3837,B
3838,C
3839,D
3840,A
3841,B
3842,C
3843,D
3844,A
3845,B
3846,C
3847,D
3848,A
3849,B
3850,C
3851,D
3852,A
3853,B
3854,C
3855,D
3856,A
3857,B
3858,C
3859,D
3860,A
3861,B
3862,C
3863,D
3864,A
3865,B
3866,C
3867,D
3868,A
3869,B
3870,C
3871,D
3872,A
3873,B
3874,C
3875,D
3876,A
3877,B
3878,C
3879,D
3880,A
3881,B
3882,C
3883,D
3884,A
3885,B
3886,C
3887,D
3888,A
3889,B
3890,C
3891,D
3892,A
3893,B
3894,C
3895,D
3896,A
3897,B
3898,C
3899,D
3900,A
3901,B
3902,C
3903,D
3904,A
3905,B
3906,C
3907,D
3908,A
3909,B
3910,C
3911,D
3912,A
3913,B
3914,C
3915,D
3916,A
3917,B
3918,C
3919,D
3920,A
3921,B
3922,C
3923,D
3924,A
3925,B
3926,C
3927,D
3928,A
3929,B
3930,C
3931,D
3932,A
3933,B
3934,C
3935,D
3936,A
3937,B
3938,C
3939,D
3940,A
3941,B
3942,C
3943,D
3944,A
3945,B
3946,C
3947,D
3948,A
3949,B
3950,C
3951,D
3952,A
3953,B
3954,C
3955,D
3956,A
3957,B
3958,C
3959,D
3960,A
3961,B
3962,C
3963,D
3964,A
3965,B
3966,C
3967,D
3968,A
3969,B
3970,C
3971,D
3972,A
3973,B
3974,C
3975,D
3976,A
3977,B
3978,C
3979,D
3980,A
3981,B
3982,C
3983,D
3984,A
3985,B
3986,C
3987,D
3988,A
3989,B
3990,C
3991,D
3992,A
3993,B
3994,C
3995,D
3996,A
3997,B
3998,C
3999,D
4000,A
4001,B
4002,C
4003,D
4004,A
4005,B
4006,C
4007,D
4008,A
4009,B
4010,C
4011,D
4012,A
4013,B
4014,C
4015,D
4016,A
4017,B
4018,C
4019,D
4020,A
4021,B
4022,C
4023,D
4024,A
4025,B
4026,C
4027,D
4028,A
4029,B
4030,C
4031,D
4032,A
4033,B
4034,C
4035,D
4036,A
4037,B
4038,C
4039,D
4040,A
4041,B
4042,C
4043,D
4044,A
4045,B
4046,C
4047,D
4048,A
4049,B
4050,C
4051,D
4052,A
4053,B
4054,C
4055,D
4056,A
4057,B
4058,C
4059,D
4060,A
4061,B
4062,C
4063,D
4064,A
4065,B
4066,C
4067,D
4068,A
4069,B
4070,C
4071,D
4072,A
4073,B
4074,C
4075,D
4076,A
4077,B
4078,C
4079,D
4080,A
4081,B
4082,C
4083,D
4084,A
4085,B
4086,C
4087,D
4088,A
4089,B
4090,C
4091,D
4092,A
4093,B
4094,C
4095,D
4096,A
4097,B
4098,C
4099,D
4100,A
4101,B
4102,C
4103,D
4104,A
4105,B
4106,C
4107,D
4108,A
4109,B
4110,C
4111,D
4112,A
4113,B
4114,C
4115,D
4116,A
4117,B
4118,C
4119,D
4120,A
4121,B
4122,C
4123,D
4124,A
4125,B
4126,C
4127,D
4128,A
4129,B
4130,C
4131,D
4132,A
4133,B
4134,C
4135,D
4136,A
4137,B
4138,C
4139,D
4140,A
4141,B
4142,C
4143,D
4144,A
4145,B
4146,C
4147,D
4148,A
4149,B
4150,C
4151,D
4152,A
4153,B
4154,C
4155,D
4156,A
4157,B
4158,C
4159,D
4160,A
4161,B
4162,C
4163,D
4164,A
4165,B
4166,C
4167,D
4168,A
4169,B
4170,C
4171,D
4172,A
4173,B
4174,C
4175,D
4176,A
4177,B
4178,C
4179,D
4180,A
4181,B
4182,C
4183,D
4184,A
4185,B
4186,C
4187,D
4188,A
4189,B
4190,C
4191,D
4192,A
4193,B
4194,C
4195,D
4196,A
4197,B
4198,C
4199,D
4200,A
4201,B
4202,C
4203,D
4204,A
4205,B
4206,C
4207,D
4208,A
4209,B
4210,C
4211,D
4212,A
4213,B
4214,C
4215,D
4216,A
4217,B
4218,C
4219,D
4220,A
4221,B
4222,C
4223,D
4224,A
4225,B
4226,C
4227,D
4228,A
4229,B
4230,C
4231,D
4232,A
4233,B
4234,C
4235,D
4236,A
4237,B
4238,C
4239,D
4240,A
4241,B
4242,C
4243,D
4244,A
4245,B
4246,C
4247,D
4248,A
4249,B
4250,C
4251,D
4252,A
4253,B
4254,C
4255,D
4256,A
4257,B
4258,C
4259,D
4260,A
4261,B
4262,C
4263,D
4264,A
4265,B
4266,C
4267,D
4268,A
4269,B
4270,C
4271,D
4272,A
4273,B
4274,C
4275,D
4276,A
4277,B
4278,C
4279,D
4280,A
4281,B
4282,C
4283,D
4284,A
4285,B
4286,C
4287,D
4288,A
4289,B
4290,C
4291,D
4292,A
4293,B
4294,C
4295,D
4296,A
4297,B
4298,C
4299,D
4300,A
4301,B
4302,C
4303,D
4304,A
4305,B
4306,C
4307,D
4308,A
4309,B
4310,C
4311,D
4312,A
4313,B
4314,C
4315,D
4316,A
4317,B
4318,C
4319,D
4320,A
4321,B
4322,C
4323,D
4324,A
4325,B
4326,C
4327,D
4328,A
4329,B
4330,C
4331,D
4332,A
4333,B
4334,C
4335,D
4336,A
4337,B
4338,C
4339,D
4340,A
4341,B
4342,C
4343,D
4344,A
4345,B
4346,C
4347,D
4348,A
4349,B
4350,C
4351,D
4352,A
4353,B
4354,C
4355,D
4356,A
4357,B
4358,C
4359,D
4360,A
4361,B
4362,C
4363,D
4364,A
4365,B
4366,C
4367,D
4368,A
4369,B
4370,C
4371,D
4372,A
4373,B
4374,C
4375,D
4376,A
4377,B
4378,C
4379,D
4380,A
4381,B
4382,C
4383,D
4384,A
4385,B
4386,C
4387,D
4388,A
4389,B
4390,C
4391,D
4392,A
4393,B
4394,C
4395,D
4396,A
4397,B
4398,C
4399,D
4400,A
4401,B
4402,C
4403,D
4404,A
4405,B
4406,C
4407,D
4408,A
4409,B
4410,C
4411,D
4412,A
4413,B
4414,C
4415,D
4416,A
4417,B
4418,C
4419,D
4420,A
4421,B
4422,C
4423,D
4424,A
4425,B
4426,C
4427,D
4428,A
4429,B
4430,C
4431,D
4432,A
4433,B
4434,C
4435,D
4436,A
4437,B
4438,C
4439,D
4440,A
4441,B
4442,C
4443,D
4444,A
4445,B
4446,C
4447,D
4448,A
4449,B
4450,C
4451,D
4452,A
4453,B
4454,C
4455,D
4456,A
4457,B
4458,C
4459,D
4460,A
4461,B
4462,C
4463,D
4464,A
4465,B
4466,C
4467,D
4468,A
4469,B
4470,C
4471,D
4472,A
4473,B
4474,C
4475,D
4476,A
4477,B
4478,C
4479,D
4480,A
4481,B
4482,C
4483,D
4484,A
4485,B
4486,C
4487,D
4488,A
4489,B
4490,C
4491,D
4492,A
4493,B
4494,C
4495,D
4496,A
4497,B
4498,C
4499,D
4500,A
4501,B
4502,C
4503,D
4504,A
4505,B
4506,C
4507,D
4508,A
4509,B
4510,C
4511,D
4512,A
4513,B
4514,C
4515,D
4516,A
4517,B
4518,C
4519,D
4520,A
4521,B
4522,C
4523,D
4524,A
4525,B
4526,C
4527,D
4528,A
4529,B
4530,C
4531,D
4532,A
4533,B
4534,C
4535,D
4536,A
4537,B
4538,C
4539,D
4540,A
4541,B
4542,C
4543,D
4544,A
4545,B
4546,C
4547,D
4548,A
4549,B
4550,C
4551,D
4552,A
4553,B
4554,C
4555,D
4556,A
4557,B
4558,C
4559,D
4560,A
4561,B
4562,C
4563,D
4564,A
4565,B
4566,C
4567,D
4568,A
4569,B
4570,C
4571,D
4572,A
4573,B
4574,C
4575,D
4576,A
4577,B
4578,C
4579,D
4580,A
4581,B
4582,C
4583,D
4584,A
4585,B
4586,C
4587,D
4588,A
4589,B
4590,C
4591,D
4592,A
4593,B
4594,C
4595,D
4596,A
4597,B
4598,C
4599,D
4600,A
4601,B
4602,C
4603,D
4604,A
4605,B
4606,C
4607,D
4608,A
4609,B
4610,C
4611,D
4612,A
4613,B
4614,C
4615,D
4616,A
4617,B
4618,C
4619,D
4620,A
4621,B
4622,C
4623,D
4624,A
4625,B
4626,C
4627,D
4628,A
4629,B
4630,C
4631,D
4632,A
4633,B
4634,C
4635,D
4636,A
4637,B
4638,C
4639,D
4640,A
4641,B
4642,C
4643,D
4644,A
4645,B
4646,C
4647,D
4648,A
4649,B
4650,C
4651,D
4652,A
4653,B
4654,C
4655,D
4656,A
4657,B
4658,C
4659,D
4660,A
4661,B
4662,C
4663,D
4664,A
4665,B
4666,C
4667,D
4668,A
4669,B
4670,C
4671,D
4672,A
4673,B
4674,C
4675,D
4676,A
4677,B
4678,C
4679,D
4680,A
4681,B
4682,C
4683,D
4684,A
4685,B
4686,C
4687,D
4688,A
4689,B
4690,C
4691,D
4692,A
4693,B
4694,C
4695,D
4696,A
4697,B
4698,C
4699,D
4700,A
4701,B
4702,C
4703,D
4704,A
4705,B
4706,C
4707,D
4708,A
4709,B
4710,C
4711,D
4712,A
4713,B
4714,C
4715,D
4716,A
4717,B
4718,C
4719,D
4720,A
4721,B
4722,C
4723,D
4724,A
4725,B
4726,C
4727,D
4728,A
4729,B
4730,C
4731,D
4732,A
4733,B
4734,C
4735,D
4736,A
4737,B
4738,C
4739,D
4740,A
4741,B
4742,C
4743,D
4744,A
4745,B
4746,C
4747,D
4748,A
4749,B
4750,C
4751,D
4752,A
4753,B
4754,C
4755,D
4756,A
4757,B
4758,C
4759,D
4760,A
4761,B
4762,C
4763,D
4764,A
4765,B
4766,C
4767,D
4768,A
4769,B
4770,C
4771,D
4772,A
4773,B
4774,C
4775,D
4776,A
4777,B
4778,C
4779,D
4780,A
4781,B
4782,C
4783,D
4784,A
4785,B
4786,C
4787,D
4788,A
4789,B
4790,C
4791,D
4792,A
4793,B
4794,C
4795,D
4796,A
4797,B
4798,C
4799,D
4800,A
4801,B
4802,C
4803,D
4804,A
4805,B
4806,C
4807,D
4808,A
4809,B
4810,C
4811,D
4812,A
4813,B
4814,C
4815,D
4816,A
4817,B
4818,C
4819,D
4820,A
4821,B
4822,C
4823,D
4824,A
4825,B
4826,C
4827,D
4828,A
4829,B
4830,C
4831,D
4832,A
4833,B
4834,C
4835,D
4836,A
4837,B
4838,C
4839,D
4840,A
4841,B
4842,C
4843,D
4844,A
4845,B
4846,C
4847,D
4848,A
4849,B
4850,C
4851,D
4852,A
4853,B
4854,C
4855,D
4856,A
4857,B
4858,C
4859,D
4860,A
4861,B
4862,C
4863,D
4864,A
4865,B
4866,C
4867,D
4868,A
4869,B
4870,C
4871,D
4872,A
4873,B
4874,C
4875,D
4876,A
4877,B
4878,C
4879,D
4880,A
4881,B
4882,C
4883,D
4884,A
4885,B
4886,C
4887,D
4888,A
4889,B
4890,C
4891,D
4892,A
4893,B
4894,C
4895,D
4896,A
4897,B
4898,C
4899,D
4900,A
4901,B
4902,C
4903,D
4904,A
4905,B
4906,C
4907,D
4908,A
4909,B
4910,C
4911,D
4912,A
4913,B
4914,C
4915,D
4916,A
4917,B
4918,C
4919,D
4920,A
4921,B
4922,C
4923,D
4924,A
4925,B
4926,C
4927,D
4928,A
4929,B
4930,C
4931,D
4932,A
4933,B
4934,C
4935,D
4936,A
4937,B
4938,C
4939,D
4940,A
4941,B
4942,C
4943,D
4944,A
4945,B
4946,C
4947,D
4948,A
4949,B
4950,C
4951,D
4952,A
4953,B
4954,C
4955,D
4956,A
4957,B
4958,C
4959,D
4960,A
4961,B
4962,C
4963,D
4964,A
4965,B
4966,C
4967,D
4968,A
4969,B
4970,C
4971,D
4972,A
4973,B
4974,C
4975,D
4976,A
4977,B
4978,C
4979,D
4980,A
4981,B
4982,C
4983,D
4984,A
4985,B
4986,C
4987,D
4988,A
4989,B
4990,C
4991,D
4992,A
4993,B
4994,C
4995,D
4996,A
4997,B
4998,C
4999,D
5000,A
5001,B
5002,C
5003,D
5004,A
5005,B
5006,C
5007,D
5008,A
5009,B
5010,C
5011,D
5012,A
5013,B
5014,C
5015,D
5016,A
5017,B
5018,C
5019,D
5020,A
5021,B
5022,C
5023,D
5024,A
5025,B
5026,C
5027,D
5028,A
5029,B
5030,C
5031,D
5032,A
5033,B
5034,C
5035,D
5036,A
5037,B
5038,C
5039,D
5040,A
5041,B
5042,C
5043,D
5044,A
5045,B
5046,C
5047,D
5048,A
5049,B
5050,C
5051,D
5052,A
5053,B
5054,C
5055,D
5056,A
5057,B
5058,C
5059,D
5060,A
5061,B
5062,C
5063,D
5064,A
5065,B
5066,C
5067,D
5068,A
5069,B
5070,C
5071,D
5072,A
5073,B
5074,C
5075,D
5076,A
5077,B
5078,C
5079,D
5080,A
5081,B
5082,C
5083,D
5084,A
5085,B
5086,C
5087,D
5088,A
5089,B
5090,C
5091,D
5092,A
5093,B
5094,C
5095,D
5096,A
5097,B
5098,C
5099,D
5100,A
5101,B
5102,C
5103,D
5104,A
5105,B
5106,C
5107,D
5108,A
5109,B
5110,C
5111,D
5112,A
5113,B
5114,C
5115,D
5116,A
5117,B
5118,C
5119,D
5120,A
5121,B
5122,C
5123,D
5124,A
5125,B
5126,C
5127,D
5128,A
5129,B
5130,C
5131,D
5132,A
5133,B
5134,C
5135,D
5136,A
5137,B
5138,C
5139,D
5140,A
5141,B
5142,C
5143,D
5144,A
5145,B
5146,C
5147,D
5148,A
5149,B
5150,C
5151,D
5152,A
5153,B
5154,C
5155,D
5156,A
5157,B
5158,C
5159,D
5160,A
5161,B
5162,C
5163,D
5164,A
5165,B
5166,C
5167,D
5168,A
5169,B
5170,C
5171,D
5172,A
5173,B
5174,C
5175,D
5176,A
5177,B
5178,C
5179,D
5180,A
5181,B
5182,C
5183,D
5184,A
5185,B
5186,C
5187,D
5188,A
5189,B
5190,C
5191,D
5192,A
5193,B
5194,C
5195,D
5196,A
5197,B
5198,C
5199,D
5200,A
5201,B
5202,C
5203,D
5204,A
5205,B
5206,C
5207,D
5208,A
5209,B
5210,C
5211,D
5212,A
5213,B
5214,C
5215,D
5216,A
5217,B
5218,C
5219,D
5220,A
5221,B
5222,C
5223,D
5224,A
5225,B
5226,C
5227,D
5228,A
5229,B
5230,C
5231,D
5232,A
5233,B
5234,C
5235,D
5236,A
5237,B
5238,C
5239,D
5240,A
5241,B
5242,C
5243,D
5244,A
5245,B
5246,C
5247,D
5248,A
5249,B
5250,C
5251,D
5252,A
5253,B
5254,C
5255,D
5256,A
5257,B
5258,C
5259,D
5260,A
5261,B
5262,C
5263,D
5264,A
5265,B
5266,C
5267,D
5268,A
5269,B
5270,C
5271,D
5272,A
5273,B
5274,C
5275,D
5276,A
5277,B
5278,C
5279,D
5280,A
5281,B
5282,C
5283,D
5284,A
5285,B
5286,C
5287,D
5288,A
5289,B
5290,C
5291,D
5292,A
5293,B
5294,C
5295,D
5296,A
5297,B
5298,C
5299,D
5300,A
5301,B
5302,C
5303,D
5304,A
5305,B
5306,C
5307,D
5308,A
5309,B
5310,C
5311,D
5312,A
5313,B
5314,C
5315,D
5316,A
5317,B
5318,C
5319,D
5320,A
5321,B
5322,C
5323,D
5324,A
5325,B
5326,C
5327,D
5328,A
5329,B
5330,C
5331,D
5332,A
5333,B
5334,C
5335,D
5336,A
5337,B
5338,C
5339,D
5340,A
5341,B
5342,C
5343,D
5344,A
5345,B
5346,C
5347,D
5348,A
5349,B
5350,C
5351,D
5352,A
5353,B
5354,C
5355,D
5356,A
5357,B
5358,C
5359,D
5360,A
5361,B
5362,C
5363,D
5364,A
5365,B
5366,C
5367,D
5368,A
5369,B
5370,C
5371,D
5372,A
5373,B
5374,C
5375,D
5376,A
5377,B
5378,C
5379,D
5380,A
5381,B
5382,C
5383,D
5384,A
5385,B
5386,C
5387,D
5388,A
5389,B
5390,C
5391,D
5392,A
5393,B
5394,C
5395,D
5396,A
5397,B
5398,C
5399,D
5400,A
5401,B
5402,C
5403,D
5404,A
5405,B
5406,C
5407,D
5408,A
5409,B
5410,C
5411,D
5412,A
5413,B
5414,C
5415,D
5416,A
5417,B
5418,C
5419,D
5420,A
5421,B
5422,C
5423,D
5424,A
5425,B
5426,C
5427,D
5428,A
5429,B
5430,C
5431,D
5432,A
5433,B
5434,C
5435,D
5436,A
5437,B
5438,C
5439,D
5440,A
5441,B
5442,C
5443,D
5444,A
5445,B
5446,C
5447,D
5448,A
5449,B
5450,C
5451,D
5452,A
5453,B
5454,C
5455,D
5456,A
5457,B
5458,C
5459,D
5460,A
5461,B
5462,C
5463,D
5464,A
5465,B
5466,C
5467,D
5468,A
5469,B
5470,C
5471,D
5472,A
5473,B
5474,C
5475,D
5476,A
5477,B
5478,C
5479,D
5480,A
5481,B
5482,C
5483,D
5484,A
5485,B
5486,C
5487,D
5488,A
5489,B
5490,C
5491,D
5492,A
5493,B
5494,C
5495,D
5496,A
5497,B
5498,C
5499,D
5500,A
5501,B
5502,C
5503,D
5504,A
5505,B
5506,C
5507,D
5508,A
5509,B
5510,C
5511,D
5512,A
5513,B
5514,C
5515,D
5516,A
5517,B
5518,C
5519,D
5520,A
5521,B
5522,C
5523,D
5524,A
5525,B
5526,C
5527,D
5528,A
5529,B
5530,C
5531,D
5532,A
5533,B
5534,C
5535,D
5536,A
5537,B
5538,C
5539,D
5540,A
5541,B
5542,C
5543,D
5544,A
5545,B
5546,C
5547,D
5548,A
5549,B
5550,C
5551,D
5552,A
5553,B
5554,C
5555,D
5556,A
5557,B
5558,C
5559,D
5560,A
5561,B
5562,C
5563,D
5564,A
5565,B
5566,C
5567,D
5568,A
5569,B
5570,C
5571,D
5572,A
5573,B
5574,C
5575,D
5576,A
5577,B
5578,C
5579,D
5580,A
5581,B
5582,C
5583,D
5584,A
5585,B
5586,C
5587,D
5588,A
5589,B
5590,C
5591,D
5592,A
5593,B
5594,C
5595,D
5596,A
5597,B
5598,C
5599,D
5600,A
5601,B
5602,C
5603,D
5604,A
5605,B
5606,C
5607,D
5608,A
5609,B
5610,C
5611,D
5612,A
5613,B
5614,C
5615,D
5616,A
5617,B
5618,C
5619,D
5620,A
5621,B
5622,C
5623,D
5624,A
5625,B
5626,C
5627,D
5628,A
5629,B
5630,C
5631,D
5632,A
5633,B
5634,C
5635,D
5636,A
5637,B
5638,C
5639,D
5640,A
5641,B
5642,C
5643,D
5644,A
5645,B
5646,C
5647,D
5648,A
5649,B
5650,C
5651,D
5652,A
5653,B
5654,C
5655,D
5656,A
5657,B
5658,C
5659,D
5660,A
5661,B
5662,C
5663,D
5664,A
5665,B
5666,C
5667,D
5668,A
5669,B
5670,C
5671,D
5672,A
5673,B
5674,C
5675,D
5676,A
5677,B
5678,C
5679,D
5680,A
5681,B
5682,C
5683,D
5684,A
5685,B
5686,C
5687,D
5688,A
5689,B
5690,C
5691,D
5692,A
5693,B
5694,C
5695,D
5696,A
5697,B
5698,C
5699,D
5700,A
5701,B
5702,C
5703,D
5704,A
5705,B
5706,C
5707,D
5708,A
5709,B
5710,C
5711,D
5712,A
5713,B
5714,C
5715,D
5716,A
5717,B
5718,C
5719,D
5720,A
5721,B
5722,C
5723,D
5724,A
5725,B
5726,C
5727,D
5728,A
5729,B
5730,C
5731,D
5732,A
5733,B
5734,C
5735,D
5736,A
5737,B
5738,C
5739,D
5740,A
5741,B
5742,C
5743,D
5744,A
5745,B
5746,C
5747,D
5748,A
5749,B
5750,C
5751,D
5752,A
5753,B
5754,C
5755,D
5756,A
5757,B
5758,C
5759,D
5760,A
5761,B
5762,C
5763,D
5764,A
5765,B
5766,C
5767,D
5768,A
5769,B
5770,C
5771,D
5772,A
5773,B
5774,C
5775,D
5776,A
5777,B
5778,C
5779,D
5780,A
5781,B
5782,C
5783,D
5784,A
5785,B
5786,C
5787,D
5788,A
5789,B
5790,C
5791,D
5792,A
5793,B
5794,C
5795,D
5796,A
5797,B
5798,C
5799,D
5800,A
5801,B
5802,C
5803,D
5804,A
5805,B
5806,C
5807,D
5808,A
5809,B
5810,C
5811,D
5812,A
5813,B
5814,C
5815,D
5816,A
5817,B
5818,C
5819,D
5820,A
5821,B
5822,C
5823,D
5824,A
5825,B
5826,C
5827,D
5828,A
5829,B
5830,C
5831,D
5832,A
5833,B
5834,C
5835,D
5836,A
5837,B
5838,C
5839,D
5840,A
5841,B
5842,C
5843,D
5844,A
5845,B
5846,C
5847,D
5848,A
5849,B
5850,C
5851,D
5852,A
5853,B
5854,C
5855,D
5856,A
5857,B
5858,C
5859,D
5860,A
5861,B
5862,C
5863,D
5864,A
5865,B
5866,C
5867,D
5868,A
5869,B
5870,C
5871,D
5872,A
5873,B
5874,C
5875,D
5876,A
5877,B
5878,C
5879,D
5880,A
5881,B
5882,C
5883,D
5884,A
5885,B
5886,C
5887,D
5888,A
5889,B
5890,C
5891,D
5892,A
5893,B
5894,C
5895,D
5896,A
5897,B
5898,C
5899,D
5900,A
5901,B
5902,C
5903,D
5904,A
5905,B
5906,C
5907,D
5908,A
5909,B
5910,C
5911,D
5912,A
5913,B
5914,C
5915,D
5916,A
5917,B
5918,C
5919,D
5920,A
5921,B
5922,C
5923,D
5924,A
5925,B
5926,C
5927,D
5928,A
5929,B
5930,C
5931,D
5932,A
5933,B
5934,C
5935,D
5936,A
5937,B
5938,C
5939,D
5940,A
5941,B
5942,C
5943,D
5944,A
5945,B
5946,C
5947,D
5948,A
5949,B
5950,C
5951,D
5952,A
5953,B
5954,C
5955,D
5956,A
5957,B
5958,C
5959,D
5960,A
5961,B
5962,C
5963,D
5964,A
5965,B
5966,C
5967,D
5968,A
5969,B
5970,C
5971,D
5972,A
5973,B
5974,C
5975,D
5976,A
5977,B
5978,C
5979,D
5980,A
5981,B
5982,C
5983,D
5984,A
5985,B
5986,C
5987,D
5988,A
5989,B
5990,C
5991,D
5992,A
5993,B
5994,C
5995,D
5996,A
5997,B
5998,C
5999,D
6000,A
6001,B
6002,C
6003,D
6004,A
6005,B
6006,C
6007,D
6008,A
6009,B
6010,C
6011,D
6012,A
6013,B
6014,C
6015,D
6016,A
6017,B
6018,C
6019,D
6020,A
6021,B
6022,C
6023,D
6024,A
6025,B
6026,C
6027,D
6028,A
6029,B
6030,C
6031,D
6032,A
6033,B
6034,C
6035,D
6036,A
6037,B
6038,C
6039,D
6040,A
6041,B
6042,C
6043,D
6044,A
6045,B
6046,C
6047,D
6048,A
6049,B
6050,C
6051,D
6052,A
6053,B
6054,C
6055,D
6056,A
6057,B
6058,C
6059,D
6060,A
6061,B
6062,C
6063,D
6064,A
6065,B
6066,C
6067,D
6068,A
6069,B
6070,C
6071,D
6072,A
6073,B
6074,C
6075,D
6076,A
6077,B
6078,C
6079,D
6080,A
6081,B
6082,C
6083,D
6084,A
6085,B
6086,C
6087,D
6088,A
6089,B
6090,C
6091,D
6092,A
6093,B
6094,C
6095,D
6096,A
6097,B
6098,C
6099,D
6100,A
6101,B
6102,C
6103,D
6104,A
6105,B
6106,C
6107,D
6108,A
6109,B
6110,C
6111,D
6112,A
6113,B
6114,C
6115,D
6116,A
6117,B
6118,C
6119,D
6120,A
6121,B
6122,C
6123,D
6124,A
6125,B
6126,C
6127,D
6128,A
6129,B
6130,C
6131,D
6132,A
6133,B
6134,C
6135,D
6136,A
6137,B
6138,C
6139,D
6140,A
6141,B
6142,C
6143,D
6144,A
6145,B
6146,C
6147,D
6148,A
6149,B
6150,C
6151,D
6152,A
6153,B
6154,C
6155,D
6156,A
6157,B
6158,C
6159,D
6160,A
6161,B
6162,C
6163,D
6164,A
6165,B
6166,C
6167,D
6168,A
6169,B
6170,C
6171,D
6172,A
6173,B
6174,C
6175,D
6176,A
6177,B
6178,C
6179,D
6180,A
6181,B
6182,C
6183,D
6184,A
6185,B
6186,C
6187,D
6188,A
6189,B
6190,C
6191,D
6192,A
6193,B
6194,C
6195,D
6196,A
6197,B
6198,C
6199,D
6200,A
6201,B
6202,C
6203,D
6204,A
6205,B
6206,C
6207,D
6208,A
6209,B
6210,C
6211,D
6212,A
6213,B
6214,C
6215,D
6216,A
6217,B
6218,C
6219,D
6220,A
6221,B
6222,C
6223,D
6224,A
6225,B
6226,C
6227,D
6228,A
6229,B
6230,C
6231,D
6232,A
6233,B
6234,C
6235,D
6236,A
6237,B
6238,C
6239,D
6240,A
6241,B
6242,C
6243,D
6244,A
6245,B
6246,C
6247,D
6248,A
6249,B
6250,C
6251,D
6252,A
6253,B
6254,C
6255,D
6256,A
6257,B
6258,C
6259,D
6260,A
6261,B
6262,C
6263,D
6264,A
6265,B
6266,C
6267,D
6268,A
6269,B
6270,C
6271,D
6272,A
6273,B
6274,C
6275,D
6276,A
6277,B
6278,C
6279,D
6280,A
6281,B
6282,C
6283,D
6284,A
6285,B
6286,C
6287,D
6288,A
6289,B
6290,C
6291,D
6292,A
6293,B
6294,C
6295,D
6296,A
6297,B
6298,C
6299,D
6300,A
6301,B
6302,C
6303,D
6304,A
6305,B
6306,C
6307,D
6308,A
6309,B
6310,C
6311,D
6312,A
6313,B
6314,C
6315,D
6316,A
6317,B
6318,C
6319,D
6320,A
6321,B
6322,C
6323,D
6324,A
6325,B
6326,C
6327,D
6328,A
6329,B
6330,C
6331,D
6332,A
6333,B
6334,C
6335,D
6336,A
6337,B
6338,C
6339,D
6340,A
6341,B
6342,C
6343,D
6344,A
6345,B
6346,C
6347,D
6348,A
6349,B
6350,C
6351,D
6352,A
6353,B
6354,C
6355,D
6356,A
6357,B
6358,C
6359,D
6360,A
6361,B
6362,C
6363,D
6364,A
6365,B
6366,C
6367,D
6368,A
6369,B
6370,C
6371,D
6372,A
6373,B
6374,C
6375,D
6376,A
6377,B
6378,C
6379,D
6380,A
6381,B
6382,C
6383,D
6384,A
6385,B
6386,C
6387,D
6388,A
6389,B
6390,C
6391,D
6392,A
6393,B
6394,C
6395,D
6396,A
6397,B
6398,C
6399,D
6400,A
6401,B
6402,C
6403,D
6404,A
6405,B
6406,C
6407,D
6408,A
6409,B
6410,C
6411,D
6412,A
6413,B
6414,C
6415,D
6416,A
6417,B
6418,C
6419,D
6420,A
6421,B
6422,C
6423,D
6424,A
6425,B
6426,C
6427,D
6428,A
6429,B
6430,C
6431,D
6432,A
6433,B
6434,C
6435,D
6436,A
6437,B
6438,C
6439,D
6440,A
6441,B
6442,C
6443,D
6444,A
6445,B
6446,C
6447,D
6448,A
6449,B
6450,C
6451,D
6452,A
6453,B
6454,C
6455,D
6456,A
6457,B
6458,C
6459,D
6460,A
6461,B
6462,C
6463,D
6464,A
6465,B
6466,C
6467,D
6468,A
6469,B
6470,C
6471,D
6472,A
6473,B
6474,C
6475,D
6476,A
6477,B
6478,C
6479,D
6480,A
6481,B
6482,C
6483,D
6484,A
6485,B
6486,C
6487,D
6488,A
6489,B
6490,C
6491,D
6492,A
6493,B
6494,C
6495,D
6496,A
6497,B
6498,C
6499,D
6500,A
6501,B
6502,C
6503,D
6504,A
6505,B
6506,C
6507,D
6508,A
6509,B
6510,C
6511,D
6512,A
6513,B
6514,C
6515,D
6516,A
6517,B
6518,C
6519,D
6520,A
6521,B
6522,C
6523,D
6524,A
6525,B
6526,C
6527,D
6528,A
6529,B
6530,C
6531,D
6532,A
6533,B
6534,C
6535,D
6536,A
6537,B
6538,C
6539,D
6540,A
6541,B
6542,C
6543,D
6544,A
6545,B
6546,C
6547,D
6548,A
6549,B
6550,C
6551,D
6552,A
6553,B
6554,C
6555,D
6556,A
6557,B
6558,C
6559,D
6560,A
6561,B
6562,C
6563,D
6564,A
6565,B
6566,C
6567,D
6568,A
6569,B
6570,C
6571,D
6572,A
6573,B
6574,C
6575,D
6576,A
6577,B
6578,C
6579,D
6580,A
6581,B
6582,C
6583,D
6584,A
6585,B
6586,C
6587,D
6588,A
6589,B
6590,C
6591,D
6592,A
6593,B
6594,C
6595,D
6596,A
6597,B
6598,C
6599,D
6600,A
6601,B
6602,C
6603,D
6604,A
6605,B
6606,C
6607,D
6608,A
6609,B
6610,C
6611,D
6612,A
6613,B
6614,C
6615,D
6616,A
6617,B
6618,C
6619,D
6620,A
6621,B
6622,C
6623,D
6624,A
6625,B
6626,C
6627,D
6628,A
6629,B
6630,C
6631,D
6632,A
6633,B
6634,C
6635,D
6636,A
6637,B
6638,C
6639,D
6640,A
6641,B
6642,C
6643,D
6644,A
6645,B
6646,C
6647,D
6648,A
6649,B
6650,C
6651,D
6652,A
6653,B
6654,C
6655,D
6656,A
6657,B
6658,C
6659,D
6660,A
6661,B
6662,C
6663,D
6664,A
6665,B
6666,C
6667,D
6668,A
6669,B
6670,C
6671,D
6672,A
6673,B
6674,C
6675,D
6676,A
6677,B
6678,C
6679,D
6680,A
6681,B
6682,C
6683,D
6684,A
6685,B
6686,C
6687,D
6688,A
6689,B
6690,C
6691,D
6692,A
6693,B
6694,C
6695,D
6696,A
6697,B
6698,C
6699,D
6700,A
6701,B
6702,C
6703,D
6704,A
6705,B
6706,C
6707,D
6708,A
6709,B
6710,C
6711,D
6712,A
6713,B
6714,C
6715,D
6716,A
6717,B
6718,C
6719,D
6720,A
6721,B
6722,C
6723,D
6724,A
6725,B
6726,C
6727,D
6728,A
6729,B
6730,C
6731,D
6732,A
6733,B
6734,C
6735,D
6736,A
6737,B
6738,C
6739,D
6740,A
6741,B
6742,C
6743,D
6744,A
6745,B
6746,C
6747,D
6748,A
6749,B
6750,C
6751,D
6752,A
6753,B
6754,C
6755,D
6756,A
6757,B
6758,C
6759,D
6760,A
6761,B
6762,C
6763,D
6764,A
6765,B
6766,C
6767,D
6768,A
6769,B
6770,C
6771,D
6772,A
6773,B
6774,C
6775,D
6776,A
6777,B
6778,C
6779,D
6780,A
6781,B
6782,C
6783,D
6784,A
6785,B
6786,C
6787,D
6788,A
6789,B
6790,C
6791,D
6792,A
6793,B
6794,C
6795,D
6796,A
6797,B
6798,C
6799,D
6800,A
6801,B
6802,C
6803,D
6804,A
6805,B
6806,C
6807,D
6808,A
6809,B
6810,C
6811,D
6812,A
6813,B
6814,C
6815,D
6816,A
6817,B
6818,C
6819,D
6820,A
6821,B
6822,C
6823,D
6824,A
6825,B
6826,C
6827,D
6828,A
6829,B
6830,C
6831,D
6832,A
6833,B
6834,C
6835,D
6836,A
6837,B
6838,C
6839,D
6840,A
6841,B
6842,C
6843,D
6844,A
6845,B
6846,C
6847,D
6848,A
6849,B
6850,C
6851,D
6852,A
6853,B
6854,C
6855,D
6856,A
6857,B
6858,C
6859,D
6860,A
6861,B
6862,C
6863,D
6864,A
6865,B
6866,C
6867,D
6868,A
6869,B
6870,C
6871,D
6872,A
6873,B
6874,C
6875,D
6876,A
6877,B
6878,C
6879,D
6880,A
6881,B
6882,C
6883,D
6884,A
6885,B
6886,C
6887,D
6888,A
6889,B
6890,C
6891,D
6892,A
6893,B
6894,C
6895,D
6896,A
6897,B
6898,C
6899,D
6900,A
6901,B
6902,C
6903,D
6904,A
6905,B
6906,C
6907,D
6908,A
6909,B
6910,C
6911,D
6912,A
6913,B
6914,C
6915,D
6916,A
6917,B
6918,C
6919,D
6920,A
6921,B
6922,C
6923,D
6924,A
6925,B
6926,C
6927,D
6928,A
6929,B
6930,C
6931,D
6932,A
6933,B
6934,C
6935,D
6936,A
6937,B
6938,C
6939,D
6940,A
6941,B
6942,C
6943,D
6944,A
6945,B
6946,C
6947,D
6948,A
6949,B
6950,C
6951,D
6952,A
6953,B
6954,C
6955,D
6956,A
6957,B
6958,C
6959,D
6960,A
6961,B
6962,C
6963,D
6964,A
6965,B
6966,C
6967,D
6968,A
6969,B
6970,C
6971,D
6972,A
6973,B
6974,C
6975,D
6976,A
6977,B
6978,C
6979,D
6980,A
6981,B
6982,C
6983,D
6984,A
6985,B
6986,C
6987,D
6988,A
6989,B
6990,C
6991,D
6992,A
6993,B
6994,C
6995,D
6996,A
6997,B
6998,C
6999,D
7000,A
7001,B
7002,C
7003,D
7004,A
7005,B
7006,C
7007,D
7008,A
7009,B
7010,C
7011,D
7012,A
7013,B
7014,C
7015,D
7016,A
7017,B
7018,C
7019,D
7020,A
7021,B
7022,C
7023,D
7024,A
7025,B
7026,C
7027,D
7028,A
7029,B
7030,C
7031,D
7032,A
7033,B
7034,C
7035,D
7036,A
7037,B
7038,C
7039,D
7040,A
7041,B
7042,C
7043,D
7044,A
7045,B
7046,C
7047,D
7048,A
7049,B
7050,C
7051,D
7052,A
7053,B
7054,C
7055,D
7056,A
7057,B
7058,C
7059,D
7060,A
7061,B
7062,C
7063,D
7064,A
7065,B
7066,C
7067,D
7068,A
7069,B
7070,C
7071,D
7072,A
7073,B
7074,C
7075,D
7076,A
7077,B
7078,C
7079,D
7080,A
7081,B
7082,C
7083,D
7084,A
7085,B
7086,C
7087,D
7088,A
7089,B
7090,C
7091,D
7092,A
7093,B
7094,C
7095,D
7096,A
7097,B
7098,C
7099,D
7100,A
7101,B
7102,C
7103,D
7104,A
7105,B
7106,C
7107,D
7108,A
7109,B
7110,C
7111,D
7112,A
7113,B
7114,C
7115,D
7116,A
7117,B
7118,C
7119,D
7120,A
7121,B
7122,C
7123,D
7124,A
7125,B
7126,C
7127,D
7128,A
7129,B
7130,C
7131,D
7132,A
7133,B
7134,C
7135,D
7136,A
7137,B
7138,C
7139,D
7140,A
7141,B
7142,C
7143,D
7144,A
7145,B
7146,C
7147,D
7148,A
7149,B
7150,C
7151,D
7152,A
7153,B
7154,C
7155,D
7156,A
7157,B
7158,C
7159,D
7160,A
7161,B
7162,C
7163,D
7164,A
7165,B
7166,C
7167,D
7168,A
7169,B
7170,C
7171,D
7172,A
7173,B
7174,C
7175,D
7176,A
7177,B
7178,C
7179,D
7180,A
7181,B
7182,C
7183,D
7184,A
7185,B
7186,C
7187,D
7188,A
7189,B
7190,C
7191,D
7192,A
7193,B
7194,C
7195,D
7196,A
7197,B
7198,C
7199,D
7200,A
7201,B
7202,C
7203,D
7204,A
7205,B
7206,C
7207,D
7208,A
7209,B
7210,C
7211,D
7212,A
7213,B
7214,C
7215,D
7216,A
7217,B
7218,C
7219,D
7220,A
7221,B
7222,C
7223,D
7224,A
7225,B
7226,C
7227,D
7228,A
7229,B
7230,C
7231,D
7232,A
7233,B
7234,C
7235,D
7236,A
7237,B
7238,C
7239,D
7240,A
7241,B
7242,C
7243,D
7244,A
7245,B
7246,C
7247,D
7248,A
7249,B
7250,C
7251,D
7252,A
7253,B
7254,C
7255,D
7256,A
7257,B
7258,C
7259,D
7260,A
7261,B
7262,C
7263,D
7264,A
7265,B
7266,C
7267,D
7268,A
7269,B
7270,C
7271,D
7272,A
7273,B
7274,C
7275,D
7276,A
7277,B
7278,C
7279,D
7280,A
7281,B
7282,C
7283,D
7284,A
7285,B
7286,C
7287,D
7288,A
7289,B
7290,C
7291,D
7292,A
7293,B
7294,C
7295,D
7296,A
7297,B
7298,C
7299,D
7300,A
7301,B
7302,C
7303,D
7304,A
7305,B
7306,C
7307,D
7308,A
7309,B
7310,C
7311,D
7312,A
7313,B
7314,C
7315,D
7316,A
7317,B
7318,C
7319,D
7320,A
7321,B
7322,C
7323,D
7324,A
7325,B
7326,C
7327,D
7328,A
7329,B
7330,C
7331,D
7332,A
7333,B
7334,C
7335,D
7336,A
7337,B
7338,C
7339,D
7340,A
7341,B
7342,C
7343,D
7344,A
7345,B
7346,C
7347,D
7348,A
7349,B
7350,C
7351,D
7352,A
7353,B
7354,C
7355,D
7356,A
7357,B
7358,C
7359,D
7360,A
7361,B
7362,C
7363,D
7364,A
7365,B
7366,C
7367,D
7368,A
7369,B
7370,C
7371,D
7372,A
7373,B
7374,C
7375,D
7376,A
7377,B
7378,C
7379,D
7380,A
7381,B
7382,C
7383,D
7384,A
7385,B
7386,C
7387,D
7388,A
7389,B
7390,C
7391,D
7392,A
7393,B
7394,C
7395,D
7396,A
7397,B
7398,C
7399,D
7400,A
7401,B
7402,C
7403,D
7404,A
7405,B
7406,C
7407,D
7408,A
7409,B
7410,C
7411,D
7412,A
7413,B
7414,C
7415,D
7416,A
7417,B
7418,C
7419,D
7420,A
7421,B
7422,C
7423,D
7424,A
7425,B
7426,C
7427,D
7428,A
7429,B
7430,C
7431,D
7432,A
7433,B
7434,C
7435,D
7436,A
7437,B
7438,C
7439,D
7440,A
7441,B
7442,C
7443,D
7444,A
7445,B
7446,C
7447,D
7448,A
7449,B
7450,C
7451,D
7452,A
7453,B
7454,C
7455,D
7456,A
7457,B
7458,C
7459,D
7460,A
7461,B
7462,C
7463,D
7464,A
7465,B
7466,C
7467,D
7468,A
7469,B
7470,C
7471,D
7472,A
7473,B
7474,C
7475,D
7476,A
7477,B
7478,C
7479,D
7480,A
7481,B
7482,C
7483,D
7484,A
7485,B
7486,C
7487,D
7488,A
7489,B
7490,C
7491,D
7492,A
7493,B
7494,C
7495,D
7496,A
7497,B
7498,C
7499,D
7500,A
7501,B
7502,C
7503,D
7504,A
7505,B
7506,C
7507,D
7508,A
7509,B
7510,C
7511,D
7512,A
7513,B
7514,C
7515,D
7516,A
7517,B
7518,C
7519,D
7520,A
7521,B
7522,C
7523,D
7524,A
7525,B
7526,C
7527,D
7528,A
7529,B
7530,C
7531,D
7532,A
7533,B
7534,C
7535,D
7536,A
7537,B
7538,C
7539,D
7540,A
7541,B
7542,C
7543,D
7544,A
7545,B
7546,C
7547,D
7548,A
7549,B
7550,C
7551,D
7552,A
7553,B
7554,C
7555,D
7556,A
7557,B
7558,C
7559,D
7560,A
7561,B
7562,C
7563,D
7564,A
7565,B
7566,C
7567,D
7568,A
7569,B
7570,C
7571,D
7572,A
7573,B
7574,C
7575,D
7576,A
7577,B
7578,C
7579,D
7580,A
7581,B
7582,C
7583,D
7584,A
7585,B
7586,C
7587,D
7588,A
7589,B
7590,C
7591,D
7592,A
7593,B
7594,C
7595,D
7596,A
7597,B
7598,C
7599,D
7600,A
7601,B
7602,C
7603,D
7604,A
7605,B
7606,C
7607,D
7608,A
7609,B
7610,C
7611,D
7612,A
7613,B
7614,C
7615,D
7616,A
7617,B
7618,C
7619,D
7620,A
7621,B
7622,C
7623,D
7624,A
7625,B
7626,C
7627,D
7628,A
7629,B
7630,C
7631,D
7632,A
7633,B
7634,C
7635,D
7636,A
7637,B
7638,C
7639,D
7640,A
7641,B
7642,C
7643,D
7644,A
7645,B
7646,C
7647,D
7648,A
7649,B
7650,C
7651,D
7652,A
7653,B
7654,C
7655,D
7656,A
7657,B
7658,C
7659,D
7660,A
7661,B
7662,C
7663,D
7664,A
7665,B
7666,C
7667,D
7668,A
7669,B
7670,C
7671,D
7672,A
7673,B
7674,C
7675,D
7676,A
7677,B
7678,C
7679,D
7680,A
7681,B
7682,C
7683,D
7684,A
7685,B
7686,C
7687,D
7688,A
7689,B
7690,C
7691,D
7692,A
7693,B
7694,C
7695,D
7696,A
7697,B
7698,C
7699,D
7700,A
7701,B
7702,C
7703,D
7704,A
7705,B
7706,C
7707,D
7708,A
7709,B
7710,C
7711,D
7712,A
7713,B
7714,C
7715,D
7716,A
7717,B
7718,C
7719,D
7720,A
7721,B
7722,C
7723,D
7724,A
7725,B
7726,C
7727,D
7728,A
7729,B
7730,C
7731,D
7732,A
7733,B
7734,C
7735,D
7736,A
7737,B
7738,C
7739,D
7740,A
7741,B
7742,C
7743,D
7744,A
7745,B
7746,C
7747,D
7748,A
7749,B
7750,C
7751,D
7752,A
7753,B
7754,C
7755,D
7756,A
7757,B
7758,C
7759,D
7760,A
7761,B
7762,C
7763,D
7764,A
7765,B
7766,C
7767,D
7768,A
7769,B
7770,C
7771,D
7772,A
7773,B
7774,C
7775,D
7776,A
7777,B
7778,C
7779,D
7780,A
7781,B
7782,C
7783,D
7784,A
7785,B
7786,C
7787,D
7788,A
7789,B
7790,C
7791,D
7792,A
7793,B
7794,C
7795,D
7796,A
7797,B
7798,C
7799,D
7800,A
7801,B
7802,C
7803,D
7804,A
7805,B
7806,C
7807,D
7808,A
7809,B
7810,C
7811,D
7812,A
7813,B
7814,C
7815,D
7816,A
7817,B
7818,C
7819,D
7820,A
7821,B
7822,C
7823,D
7824,A
7825,B
7826,C
7827,D
7828,A
7829,B
7830,C
7831,D
7832,A
7833,B
7834,C
7835,D
7836,A
7837,B
7838,C
7839,D
7840,A
7841,B
7842,C
7843,D
7844,A
7845,B
7846,C
7847,D
7848,A
7849,B
7850,C
7851,D
7852,A
7853,B
7854,C
7855,D
7856,A
7857,B
7858,C
7859,D
7860,A
7861,B
7862,C
7863,D
7864,A
7865,B
7866,C
7867,D
7868,A
7869,B
7870,C
7871,D
7872,A
7873,B
7874,C
7875,D
7876,A
7877,B
7878,C
7879,D
7880,A
7881,B
7882,C
7883,D
7884,A
7885,B
7886,C
7887,D
7888,A
7889,B
7890,C
7891,D
7892,A
7893,B
7894,C
7895,D
7896,A
7897,B
7898,C
7899,D
7900,A
7901,B
7902,C
7903,D
7904,A
7905,B
7906,C
7907,D
7908,A
7909,B
7910,C
7911,D
7912,A
7913,B
7914,C
7915,D
7916,A
7917,B
7918,C
7919,D
7920,A
7921,B
7922,C
7923,D
7924,A
7925,B
7926,C
7927,D
7928,A
7929,B
7930,C
7931,D
7932,A
7933,B
7934,C
7935,D
7936,A
7937,B
7938,C
7939,D
7940,A
7941,B
7942,C
7943,D
7944,A
7945,B
7946,C
7947,D
7948,A
7949,B
7950,C
7951,D
7952,A
7953,B
7954,C
7955,D
7956,A
7957,B
7958,C
7959,D
7960,A
7961,B
7962,C
7963,D
7964,A
7965,B
7966,C
7967,D
7968,A
7969,B
7970,C
7971,D
7972,A
7973,B
7974,C
7975,D
7976,A
7977,B
7978,C
7979,D
7980,A
7981,B
7982,C
7983,D
7984,A
7985,B
7986,C
7987,D
7988,A
7989,B
7990,C
7991,D
7992,A
7993,B
7994,C
7995,D
7996,A
7997,B
7998,C
7999,D
8000,A
8001,B
8002,C
8003,D
8004,A
8005,B
8006,C
8007,D
8008,A
8009,B
8010,C
8011,D
8012,A
8013,B
8014,C
8015,D
8016,A
8017,B
8018,C
8019,D
8020,A
8021,B
8022,C
8023,D
8024,A
8025,B
8026,C
8027,D
8028,A
8029,B
8030,C
8031,D
8032,A
8033,B
8034,C
8035,D
8036,A
8037,B
8038,C
8039,D
8040,A
8041,B
8042,C
8043,D
8044,A
8045,B
8046,C
8047,D
8048,A
8049,B
8050,C
8051,D
8052,A
8053,B
8054,C
8055,D
8056,A
8057,B
8058,C
8059,D
8060,A
8061,B
8062,C
8063,D
8064,A
8065,B
8066,C
8067,D
8068,A
8069,B
8070,C
8071,D
8072,A
8073,B
8074,C
8075,D
8076,A
8077,B
8078,C
8079,D
8080,A
8081,B
8082,C
8083,D
8084,A
8085,B
8086,C
8087,D
8088,A
8089,B
8090,C
8091,D
8092,A
8093,B
8094,C
8095,D
8096,A
8097,B
8098,C
8099,D
8100,A
8101,B
8102,C
8103,D
8104,A
8105,B
8106,C
8107,D
8108,A
8109,B
8110,C
8111,D
8112,A
8113,B
8114,C
8115,D
8116,A
8117,B
8118,C
8119,D
8120,A
8121,B
8122,C
8123,D
8124,A
8125,B
8126,C
8127,D
8128,A
8129,B
8130,C
8131,D
8132,A
8133,B
8134,C
8135,D
8136,A
8137,B
8138,C
8139,D
8140,A
8141,B
8142,C
8143,D
8144,A
8145,B
8146,C
8147,D
8148,A
8149,B
8150,C
8151,D
8152,A
8153,B
8154,C
8155,D
8156,A
8157,B
8158,C
8159,D
8160,A
8161,B
8162,C
8163,D
8164,A
8165,B
8166,C
8167,D
8168,A
8169,B
8170,C
8171,D
8172,A
8173,B
8174,C
8175,D
8176,A
8177,B
8178,C
8179,D
8180,A
8181,B
8182,C
8183,D
8184,A
8185,B
8186,C
8187,D
8188,A
8189,B
8190,C
8191,D
8192,A
8193,B
8194,C
8195,D
8196,A
8197,B
8198,C
8199,D
8200,A
8201,B
8202,C
8203,D
8204,A
8205,B
8206,C
8207,D
8208,A
8209,B
8210,C
8211,D
8212,A
8213,B
8214,C
8215,D
8216,A
8217,B
8218,C
8219,D
8220,A
8221,B
8222,C
8223,D
8224,A
8225,B
8226,C
8227,D
8228,A
8229,B
8230,C
8231,D
8232,A
8233,B
8234,C
8235,D
8236,A
8237,B
8238,C
8239,D
8240,A
8241,B
8242,C
8243,D
8244,A
8245,B
8246,C
8247,D
8248,A
8249,B
8250,C
8251,D
8252,A
8253,B
8254,C
8255,D
8256,A
8257,B
8258,C
8259,D
8260,A
8261,B
8262,C
8263,D
8264,A
8265,B
8266,C
8267,D
8268,A
8269,B
8270,C
8271,D
8272,A
8273,B
8274,C
8275,D
8276,A
8277,B
8278,C
8279,D
8280,A
8281,B
8282,C
8283,D
8284,A
8285,B
8286,C
8287,D
8288,A
8289,B
8290,C
8291,D
8292,A
8293,B
8294,C
8295,D
8296,A
8297,B
8298,C
8299,D
8300,A
8301,B
8302,C
8303,D
8304,A
8305,B
8306,C
8307,D
8308,A
8309,B
8310,C
8311,D
8312,A
8313,B
8314,C
8315,D
8316,A
8317,B
8318,C
8319,D
8320,A
8321,B
8322,C
8323,D
8324,A
8325,B
8326,C
8327,D
8328,A
8329,B
8330,C
8331,D
8332,A
8333,B
8334,C
8335,D
8336,A
8337,B
8338,C
8339,D
8340,A
8341,B
8342,C
8343,D
8344,A
8345,B
8346,C
8347,D
8348,A
8349,B
8350,C
8351,D
8352,A
8353,B
8354,C
8355,D
8356,A
8357,B
8358,C
8359,D
8360,A
8361,B
8362,C
8363,D
8364,A
8365,B
8366,C
8367,D
8368,A
8369,B
8370,C
8371,D
8372,A
8373,B
8374,C
8375,D
8376,A
8377,B
8378,C
8379,D
8380,A
8381,B
8382,C
8383,D
8384,A
8385,B
8386,C
8387,D
8388,A
8389,B
8390,C
8391,D
8392,A
8393,B
8394,C
8395,D
8396,A
8397,B
8398,C
8399,D
8400,A
8401,B
8402,C
8403,D
8404,A
8405,B
8406,C
8407,D
8408,A
8409,B
8410,C
8411,D
8412,A
8413,B
8414,C
8415,D
8416,A
8417,B
8418,C
8419,D
8420,A
8421,B
8422,C
8423,D
8424,A
8425,B
8426,C
8427,D
8428,A
8429,B
8430,C
8431,D
8432,A
8433,B
8434,C
8435,D
8436,A
8437,B
8438,C
8439,D
8440,A
8441,B
8442,C
8443,D
8444,A
8445,B
8446,C
8447,D
8448,A
8449,B
8450,C
8451,D
8452,A
8453,B
8454,C
8455,D
8456,A
8457,B
8458,C
8459,D
8460,A
8461,B
8462,C
8463,D
8464,A
8465,B
8466,C
8467,D
8468,A
8469,B
8470,C
8471,D
8472,A
8473,B
8474,C
8475,D
8476,A
8477,B
8478,C
8479,D
8480,A
8481,B
8482,C
8483,D
8484,A
8485,B
8486,C
8487,D
8488,A
8489,B
8490,C
8491,D
8492,A
8493,B
8494,C
8495,D
8496,A
8497,B
8498,C
8499,D
8500,A
8501,B
8502,C
8503,D
8504,A
8505,B
8506,C
8507,D
8508,A
8509,B
8510,C
8511,D
8512,A
8513,B
8514,C
8515,D
8516,A
8517,B
8518,C
8519,D
8520,A
8521,B
8522,C
8523,D
8524,A
8525,B
8526,C
8527,D
8528,A
8529,B
8530,C
8531,D
8532,A
8533,B
8534,C
8535,D
8536,A
8537,B
8538,C
8539,D
8540,A
8541,B
8542,C
8543,D
8544,A
8545,B
8546,C
8547,D
8548,A
8549,B
8550,C
8551,D
8552,A
8553,B
8554,C
8555,D
8556,A
8557,B
8558,C
8559,D
8560,A
8561,B
8562,C
8563,D
8564,A
8565,B
8566,C
8567,D
8568,A
8569,B
8570,C
8571,D
8572,A
8573,B
8574,C
8575,D
8576,A
8577,B
8578,C
8579,D
8580,A
8581,B
8582,C
8583,D
8584,A
8585,B
8586,C
8587,D
8588,A
8589,B
8590,C
8591,D
8592,A
8593,B
8594,C
8595,D
8596,A
8597,B
8598,C
8599,D
8600,A
8601,B
8602,C
8603,D
8604,A
8605,B
8606,C
8607,D
8608,A
8609,B
8610,C
8611,D
8612,A
8613,B
8614,C
8615,D
8616,A
8617,B
8618,C
8619,D
8620,A
8621,B
8622,C
8623,D
8624,A
8625,B
8626,C
8627,D
8628,A
8629,B
8630,C
8631,D
8632,A
8633,B
8634,C
8635,D
8636,A
8637,B
8638,C
8639,D
8640,A
8641,B
8642,C
8643,D
8644,A
8645,B
8646,C
8647,D
8648,A
8649,B
8650,C
8651,D
8652,A
8653,B
8654,C
8655,D
8656,A
8657,B
8658,C
8659,D
8660,A
8661,B
8662,C
8663,D
8664,A
8665,B
8666,C
8667,D
8668,A
8669,B
8670,C
8671,D
8672,A
8673,B
8674,C
8675,D
8676,A
8677,B
8678,C
8679,D
8680,A
8681,B
8682,C
8683,D
8684,A
8685,B
8686,C
8687,D
8688,A
8689,B
8690,C
8691,D
8692,A
8693,B
8694,C
8695,D
8696,A
8697,B
8698,C
8699,D
8700,A
8701,B
8702,C
8703,D
8704,A
8705,B
8706,C
8707,D
8708,A
8709,B
8710,C
8711,D
8712,A
8713,B
8714,C
8715,D
8716,A
8717,B
8718,C
8719,D
8720,A
8721,B
8722,C
8723,D
8724,A
8725,B
8726,C
8727,D
8728,A
8729,B
8730,C
8731,D
8732,A
8733,B
8734,C
8735,D
8736,A
8737,B
8738,C
8739,D
8740,A
8741,B
8742,C
8743,D
8744,A
8745,B
8746,C
8747,D
8748,A
8749,B
8750,C
8751,D
8752,A
8753,B
8754,C
8755,D
8756,A
8757,B
8758,C
8759,D
8760,A
8761,B
8762,C
8763,D
8764,A
8765,B
8766,C
8767,D
8768,A
8769,B
8770,C
8771,D
8772,A
8773,B
8774,C
8775,D
8776,A
8777,B
8778,C
8779,D
8780,A
8781,B
8782,C
8783,D
8784,A
8785,B
8786,C
8787,D
8788,A
8789,B
8790,C
8791,D
8792,A
8793,B
8794,C
8795,D
8796,A
8797,B
8798,C
8799,D
8800,A
8801,B
8802,C
8803,D
8804,A
8805,B
8806,C
8807,D
8808,A
8809,B
8810,C
8811,D
8812,A
8813,B
8814,C
8815,D
8816,A
8817,B
8818,C
8819,D
8820,A
8821,B
8822,C
8823,D
8824,A
8825,B
8826,C
8827,D
8828,A
8829,B
8830,C
8831,D
8832,A
8833,B
8834,C
8835,D
8836,A
8837,B
8838,C
8839,D
8840,A
8841,B
8842,C
8843,D
8844,A
8845,B
8846,C
8847,D
8848,A
8849,B
8850,C
8851,D
8852,A
8853,B
8854,C
8855,D
8856,A
8857,B
8858,C
8859,D
8860,A
8861,B
8862,C
8863,D
8864,A
8865,B
8866,C
8867,D
8868,A
8869,B
8870,C
8871,D
8872,A
8873,B
8874,C
8875,D
8876,A
8877,B
8878,C
8879,D
8880,A
8881,B
8882,C
8883,D
8884,A
8885,B
8886,C
8887,D
8888,A
8889,B
8890,C
8891,D
8892,A
8893,B
8894,C
8895,D
8896,A
8897,B
8898,C
8899,D
8900,A
8901,B
8902,C
8903,D
8904,A
8905,B
8906,C
8907,D
8908,A
8909,B
8910,C
8911,D
8912,A
8913,B
8914,C
8915,D
8916,A
8917,B
8918,C
8919,D
8920,A
8921,B
8922,C
8923,D
8924,A
8925,B
8926,C
8927,D
8928,A
8929,B
8930,C
8931,D
8932,A
8933,B
8934,C
8935,D
8936,A
8937,B
8938,C
8939,D
8940,A
8941,B
8942,C
8943,D
8944,A
8945,B
8946,C
8947,D
8948,A
8949,B
8950,C
8951,D
8952,A
8953,B
8954,C
8955,D
8956,A
8957,B
8958,C
8959,D
8960,A
8961,B
8962,C
8963,D
8964,A
8965,B
8966,C
8967,D
8968,A
8969,B
8970,C
8971,D
8972,A
8973,B
8974,C
8975,D
8976,A
8977,B
8978,C
8979,D
8980,A
8981,B
8982,C
8983,D
8984,A
8985,B
8986,C
8987,D
8988,A
8989,B
8990,C
8991,D
8992,A
8993,B
8994,C
8995,D
8996,A
8997,B
8998,C
8999,D
9000,A
9001,B
9002,C
9003,D
9004,A
9005,B
9006,C
9007,D
9008,A
9009,B
9010,C
9011,D
9012,A
9013,B
9014,C
9015,D
9016,A
9017,B
9018,C
9019,D
9020,A
9021,B
9022,C
9023,D
9024,A
9025,B
9026,C
9027,D
9028,A
9029,B
9030,C
9031,D
9032,A
9033,B
9034,C
9035,D
9036,A
9037,B
9038,C
9039,D
9040,A
9041,B
9042,C
9043,D
9044,A
9045,B
9046,C
9047,D
9048,A
9049,B
9050,C
9051,D
9052,A
9053,B
9054,C
9055,D
9056,A
9057,B
9058,C
9059,D
9060,A
9061,B
9062,C
9063,D
9064,A
9065,B
9066,C
9067,D
9068,A
9069,B
9070,C
9071,D
9072,A
9073,B
9074,C
9075,D
9076,A
9077,B
9078,C
9079,D
9080,A
9081,B
9082,C
9083,D
9084,A
9085,B
9086,C
9087,D
9088,A
9089,B
9090,C
9091,D
9092,A
9093,B
9094,C
9095,D
9096,A
9097,B
9098,C
9099,D
9100,A
9101,B
9102,C
9103,D
9104,A
9105,B
9106,C
9107,D
9108,A
9109,B
9110,C
9111,D
9112,A
9113,B
9114,C
9115,D
9116,A
9117,B
9118,C
9119,D
9120,A
9121,B
9122,C
9123,D
9124,A
9125,B
9126,C
9127,D
9128,A
9129,B
9130,C
9131,D
9132,A
9133,B
9134,C
9135,D
9136,A
9137,B
9138,C
9139,D
9140,A
9141,B
9142,C
9143,D
9144,A
9145,B
9146,C
9147,D
9148,A
9149,B
9150,C
9151,D
9152,A
9153,B
9154,C
9155,D
9156,A
9157,B
9158,C
9159,D
9160,A
9161,B
9162,C
9163,D
9164,A
9165,B
9166,C
9167,D
9168,A
9169,B
9170,C
9171,D
9172,A
9173,B
9174,C
9175,D
9176,A
9177,B
9178,C
9179,D
9180,A
9181,B
9182,C
9183,D
9184,A
9185,B
9186,C
9187,D
9188,A
9189,B
9190,C
9191,D
9192,A
9193,B
9194,C
9195,D
9196,A
9197,B
9198,C
9199,D
9200,A
9201,B
9202,C
9203,D
9204,A
9205,B
9206,C
9207,D
9208,A
9209,B
9210,C
9211,D
9212,A
9213,B
9214,C
9215,D
9216,A
9217,B
9218,C
9219,D
9220,A
9221,B
9222,C
9223,D
9224,A
9225,B
9226,C
9227,D
9228,A
9229,B
9230,C
9231,D
9232,A
9233,B
9234,C
9235,D
9236,A
9237,B
9238,C
9239,D
9240,A
9241,B
9242,C
9243,D
9244,A
9245,B
9246,C
9247,D
9248,A
9249,B
9250,C
9251,D
9252,A
9253,B
9254,C
9255,D
9256,A
9257,B
9258,C
9259,D
9260,A
9261,B
9262,C
9263,D
9264,A
9265,B
9266,C
9267,D
9268,A
9269,B
9270,C
9271,D
9272,A
9273,B
9274,C
9275,D
9276,A
9277,B
9278,C
9279,D
9280,A
9281,B
9282,C
9283,D
9284,A
9285,B
9286,C
9287,D
9288,A
9289,B
9290,C
9291,D
9292,A
9293,B
9294,C
9295,D
9296,A
9297,B
9298,C
9299,D
9300,A
9301,B
9302,C
9303,D
9304,A
9305,B
9306,C
9307,D
9308,A
9309,B
9310,C
9311,D
9312,A
9313,B
9314,C
9315,D
9316,A
9317,B
9318,C
9319,D
9320,A
9321,B
9322,C
9323,D
9324,A
9325,B
9326,C
9327,D
9328,A
9329,B
9330,C
9331,D
9332,A
9333,B
9334,C
9335,D
9336,A
9337,B
9338,C
9339,D
9340,A
9341,B
9342,C
9343,D
9344,A
9345,B
9346,C
9347,D
9348,A
9349,B
9350,C
9351,D
9352,A
9353,B
9354,C
9355,D
9356,A
9357,B
9358,C
9359,D
9360,A
9361,B
9362,C
9363,D
9364,A
9365,B
9366,C
9367,D
9368,A
9369,B
9370,C
9371,D
9372,A
9373,B
9374,C
9375,D
9376,A
9377,B
9378,C
9379,D
9380,A
9381,B
9382,C
9383,D
9384,A
9385,B
9386,C
9387,D
9388,A
9389,B
9390,C
9391,D
9392,A
9393,B
9394,C
9395,D
9396,A
9397,B
9398,C
9399,D
9400,A
9401,B
9402,C
9403,D
9404,A
9405,B
9406,C
9407,D
9408,A
9409,B
9410,C
9411,D
9412,A
9413,B
9414,C
9415,D
9416,A
9417,B
9418,C
9419,D
9420,A
9421,B
9422,C
9423,D
9424,A
9425,B
9426,C
9427,D
9428,A
9429,B
9430,C
9431,D
9432,A
9433,B
9434,C
9435,D
9436,A
9437,B
9438,C
9439,D
9440,A
9441,B
9442,C
9443,D
9444,A
9445,B
9446,C
9447,D
9448,A
9449,B
9450,C
9451,D
9452,A
9453,B
9454,C
9455,D
9456,A
9457,B
9458,C
9459,D
9460,A
9461,B
9462,C
9463,D
9464,A
9465,B
9466,C
9467,D
9468,A
9469,B
9470,C
9471,D
9472,A
9473,B
9474,C
9475,D
9476,A
9477,B
9478,C
9479,D
9480,A
9481,B
9482,C
9483,D
9484,A
9485,B
9486,C
9487,D
9488,A
9489,B
9490,C
9491,D
9492,A
9493,B
9494,C
9495,D
9496,A
9497,B
9498,C
9499,D
9500,A
9501,B
9502,C
9503,D
9504,A
9505,B
9506,C
9507,D
9508,A
9509,B
9510,C
9511,D
9512,A
9513,B
9514,C
9515,D
9516,A
9517,B
9518,C
9519,D
9520,A
9521,B
9522,C
9523,D
9524,A
9525,B
9526,C
9527,D
9528,A
9529,B
9530,C
9531,D
9532,A
9533,B
9534,C
9535,D
9536,A
9537,B
9538,C
9539,D
9540,A
9541,B
9542,C
9543,D
9544,A
9545,B
9546,C
9547,D
9548,A
9549,B
9550,C
9551,D
9552,A
9553,B
9554,C
9555,D
9556,A
9557,B
9558,C
9559,D
9560,A
9561,B
9562,C
9563,D
9564,A
9565,B
9566,C
9567,D
9568,A
9569,B
9570,C
9571,D
9572,A
9573,B
9574,C
9575,D
9576,A
9577,B
9578,C
9579,D
9580,A
9581,B
9582,C
9583,D
9584,A
9585,B
9586,C
9587,D
9588,A
9589,B
9590,C
9591,D
9592,A
9593,B
9594,C
9595,D
9596,A
9597,B
9598,C
9599,D
9600,A
9601,B
9602,C
9603,D
9604,A
9605,B
9606,C
9607,D
9608,A
9609,B
9610,C
9611,D
9612,A
9613,B
9614,C
9615,D
9616,A
9617,B
9618,C
9619,D
9620,A
9621,B
9622,C
9623,D
9624,A
9625,B
9626,C
9627,D
9628,A
9629,B
9630,C
9631,D
9632,A
9633,B
9634,C
9635,D
9636,A
9637,B
9638,C
9639,D
9640,A
9641,B
9642,C
9643,D
9644,A
9645,B
9646,C
9647,D
9648,A
9649,B
9650,C
9651,D
9652,A
9653,B
9654,C
9655,D
9656,A
9657,B
9658,C
9659,D
9660,A
9661,B
9662,C
9663,D
9664,A
9665,B
9666,C
9667,D
9668,A
9669,B
9670,C
9671,D
9672,A
9673,B
9674,C
9675,D
9676,A
9677,B
9678,C
9679,D
9680,A
9681,B
9682,C
9683,D
9684,A
9685,B
9686,C
9687,D
9688,A
9689,B
9690,C
9691,D
9692,A
9693,B
9694,C
9695,D
9696,A
9697,B
9698,C
9699,D
9700,A
9701,B
9702,C
9703,D
9704,A
9705,B
9706,C
9707,D
9708,A
9709,B
9710,C
9711,D
9712,A
9713,B
9714,C
9715,D
9716,A
9717,B
9718,C
9719,D
9720,A
9721,B
9722,C
9723,D
9724,A
9725,B
9726,C
9727,D
9728,A
9729,B
9730,C
9731,D
9732,A
9733,B
9734,C
9735,D
9736,A
9737,B
9738,C
9739,D
9740,A
9741,B
9742,C
9743,D
9744,A
9745,B
9746,C
9747,D
9748,A
9749,B
9750,C
9751,D
9752,A
9753,B
9754,C
9755,D
9756,A
9757,B
9758,C
9759,D
9760,A
9761,B
9762,C
9763,D
9764,A
9765,B
9766,C
9767,D
9768,A
9769,B
9770,C
9771,D
9772,A
9773,B
9774,C
9775,D
9776,A
9777,B
9778,C
9779,D
9780,A
9781,B
9782,C
9783,D
9784,A
9785,B
9786,C
9787,D
9788,A
9789,B
9790,C
9791,D
9792,A
9793,B
9794,C
9795,D
9796,A
9797,B
9798,C
9799,D
9800,A
9801,B
9802,C
9803,D
9804,A
9805,B
9806,C
9807,D
9808,A
9809,B
9810,C
9811,D
9812,A
9813,B
9814,C
9815,D
9816,A
9817,B
9818,C
9819,D
9820,A
9821,B
9822,C
9823,D
9824,A
9825,B
9826,C
9827,D
9828,A
9829,B
9830,C
9831,D
9832,A
9833,B
9834,C
9835,D
9836,A
9837,B
9838,C
9839,D
9840,A
9841,B
9842,C
9843,D
9844,A
9845,B
9846,C
9847,D
9848,A
9849,B
9850,C
9851,D
9852,A
9853,B
9854,C
9855,D
9856,A
9857,B
9858,C
9859,D
9860,A
9861,B
9862,C
9863,D
9864,A
9865,B
9866,C
9867,D
9868,A
9869,B
9870,C
9871,D
9872,A
9873,B
9874,C
9875,D
9876,A
9877,B
9878,C
9879,D
9880,A
9881,B
9882,C
9883,D
9884,A
9885,B
9886,C
9887,D
9888,A
9889,B
9890,C
9891,D
9892,A
9893,B
9894,C
9895,D
9896,A
9897,B
9898,C
9899,D
9900,A
9901,B
9902,C
9903,D
9904,A
9905,B
9906,C
9907,D
9908,A
9909,B
9910,C
9911,D
9912,A
9913,B
9914,C
9915,D
9916,A
9917,B
9918,C
9919,D
9920,A
9921,B
9922,C
9923,D
9924,A
9925,B
9926,C
9927,D
9928,A
9929,B
9930,C
9931,D
9932,A
9933,B
9934,C
9935,D
9936,A
9937,B
9938,C
9939,D
9940,A
9941,B
9942,C
9943,D
9944,A
9945,B
9946,C
9947,D
9948,A
9949,B
9950,C
9951,D
9952,A
9953,B
9954,C
9955,D
9956,A
9957,B
9958,C
9959,D
9960,A
9961,B
9962,C
9963,D
9964,A
9965,B
9966,C
9967,D
9968,A
9969,B
9970,C
9971,D
9972,A
9973,B
9974,C
9975,D
9976,A
9977,B
9978,C
9979,D
9980,A
9981,B
9982,C
9983,D
9984,A
9985,B
9986,C
9987,D
9988,A
9989,B
9990,C
9991,D
9992,A
9993,B
9994,C
9995,D
9996,A
9997,B
9998,C
9999,D
